pict,pictfull,subfolder,indiv,sex,stage,comportement
20180726_id100_femaduCENTRE (1)_ORIGINAL-FACE.jpg,MANDRILLS_BKB\100_fem_adu\20180726_id100_femaduCENTRE (1)_ORIGINAL-FACE.jpg,100_fem_adu,100,fem,adu,yes
20180716_id101_malado (12)_ORIGINAL-FACE.jpg,MANDRILLS_BKB\101_mal_ado\20180716_id101_malado (12)_ORIGINAL-FACE.jpg,101_mal_ado,101,mal,ado,no
20181008_id101_malado (4)_ORIGINAL-FACE.jpg,MANDRILLS_BKB\101_mal_ado\20181008_id101_malado (4)_ORIGINAL-FACE.jpg,101_mal_ado,101,mal,ado,no
20180327_id102_femadu (2)_ORIGINAL-FACE.jpg,MANDRILLS_BKB\102_fem_adu\20180327_id102_femadu (2)_ORIGINAL-FACE.jpg,102_fem_adu,102,fem,adu,yes
20180409_id102_femadu (1)_ORIGINAL-FACE.jpg,MANDRILLS_BKB\102_fem_adu\20180409_id102_femadu (1)_ORIGINAL-FACE.jpg,102_fem_adu,102,fem,adu,yes
20180611_id102_femadu (4)_ORIGINAL-FACE.jpg,MANDRILLS_BKB\102_fem_adu\20180611_id102_femadu (4)_ORIGINAL-FACE.jpg,102_fem_adu,102,fem,adu,yes
20180620_id102_femadu (4)_ORIGINAL-FACE.jpg,MANDRILLS_BKB\102_fem_adu\20180620_id102_femadu (4)_ORIGINAL-FACE.jpg,102_fem_adu,102,fem,adu,yes
20180707_id102_femadu (14)_ORIGINAL-FACE.jpg,MANDRILLS_BKB\102_fem_adu\20180707_id102_femadu (14)_ORIGINAL-FACE.jpg,102_fem_adu,102,fem,adu,yes
20180716_id102_femadu (3)_ORIGINAL-FACE.jpg,MANDRILLS_BKB\102_fem_adu\20180716_id102_femadu (3)_ORIGINAL-FACE.jpg,102_fem_adu,102,fem,adu,yes
20180719_id102_femadu (4)_ORIGINAL-FACE.jpg,MANDRILLS_BKB\102_fem_adu\20180719_id102_femadu (4)_ORIGINAL-FACE.jpg,102_fem_adu,102,fem,adu,yes
20181126_id102_femadu (9)_ORIGINAL-FACE.jpg,MANDRILLS_BKB\102_fem_adu\20181126_id102_femadu (9)_ORIGINAL-FACE.jpg,102_fem_adu,102,fem,adu,yes
20190120_id102_GAUCHE (8)_ORIGINAL-FACE.jpg,MANDRILLS_BKB\102_fem_adu\20190120_id102_GAUCHE (8)_ORIGINAL-FACE.jpg,102_fem_adu,102,fem,adu,yes
unknown_id102_femadu (21)_ORIGINAL-FACE.jpg,MANDRILLS_BKB\102_fem_adu\unknown_id102_femadu (21)_ORIGINAL-FACE.jpg,102_fem_adu,102,fem,adu,yes
20160710_id103_malado (1)_ORIGINAL-FACE.jpg,MANDRILLS_BKB\103_mal_ado\20160710_id103_malado (1)_ORIGINAL-FACE.jpg,103_mal_ado,103,mal,ado,no
20161004_id103_malado_ORIGINAL-FACE.jpg,MANDRILLS_BKB\103_mal_ado\20161004_id103_malado_ORIGINAL-FACE.jpg,103_mal_ado,103,mal,ado,no
20180409_id103_malado (1)_ORIGINAL-FACE.jpg,MANDRILLS_BKB\103_mal_ado\20180409_id103_malado (1)_ORIGINAL-FACE.jpg,103_mal_ado,103,mal,ado,no
20180612_id103_malado (7)_ORIGINAL-FACE.jpg,MANDRILLS_BKB\103_mal_ado\20180612_id103_malado (7)_ORIGINAL-FACE.jpg,103_mal_ado,103,mal,ado,no
20180618_id103_malado (6)_ORIGINAL-FACE.jpg,MANDRILLS_BKB\103_mal_ado\20180618_id103_malado (6)_ORIGINAL-FACE.jpg,103_mal_ado,103,mal,ado,no
20180620_id103_malado (3)_ORIGINAL-FACE.jpg,MANDRILLS_BKB\103_mal_ado\20180620_id103_malado (3)_ORIGINAL-FACE.jpg,103_mal_ado,103,mal,ado,no
20180621_id103_malado_ORIGINAL-FACE.jpg,MANDRILLS_BKB\103_mal_ado\20180621_id103_malado_ORIGINAL-FACE.jpg,103_mal_ado,103,mal,ado,no
20180704_id103_malado_ORIGINAL-FACE.jpg,MANDRILLS_BKB\103_mal_ado\20180704_id103_malado_ORIGINAL-FACE.jpg,103_mal_ado,103,mal,ado,no
20180712_id103_malado (1)_ORIGINAL-FACE.jpg,MANDRILLS_BKB\103_mal_ado\20180712_id103_malado (1)_ORIGINAL-FACE.jpg,103_mal_ado,103,mal,ado,no
20180807_id103_malado (9)_ORIGINAL-FACE.jpg,MANDRILLS_BKB\103_mal_ado\20180807_id103_malado (9)_ORIGINAL-FACE.jpg,103_mal_ado,103,mal,ado,no
20180907_id103_malado (2)_ORIGINAL-FACE.jpg,MANDRILLS_BKB\103_mal_ado\20180907_id103_malado (2)_ORIGINAL-FACE.jpg,103_mal_ado,103,mal,ado,no
unknown_id103_malado (1)_ORIGINAL-FACE.jpg,MANDRILLS_BKB\103_mal_ado\unknown_id103_malado (1)_ORIGINAL-FACE.jpg,103_mal_ado,103,mal,ado,no
20170512_id104_femadu (12)_ORIGINAL-FACE.jpg,MANDRILLS_BKB\104_fem_adu\20170512_id104_femadu (12)_ORIGINAL-FACE.jpg,104_fem_adu,104,fem,adu,yes
20180707_id104_femadu (6)_ORIGINAL-FACE.jpg,MANDRILLS_BKB\104_fem_adu\20180707_id104_femadu (6)_ORIGINAL-FACE.jpg,104_fem_adu,104,fem,adu,yes
20180719_id104_femadu (14)_ORIGINAL-FACE.jpg,MANDRILLS_BKB\104_fem_adu\20180719_id104_femadu (14)_ORIGINAL-FACE.jpg,104_fem_adu,104,fem,adu,yes
20190210_id104_femadu (14)_ORIGINAL-FACE.jpg,MANDRILLS_BKB\104_fem_adu\20190210_id104_femadu (14)_ORIGINAL-FACE.jpg,104_fem_adu,104,fem,adu,yes
20140710_id107_malado (2)_ORIGINAL-FACE.jpg,MANDRILLS_BKB\107_mal_ado\20140710_id107_malado (2)_ORIGINAL-FACE.jpg,107_mal_ado,107,mal,ado,no
20150524_id109_malsub (6)_ORIGINAL-FACE.jpg,MANDRILLS_BKB\109_mal_sub\20150524_id109_malsub (6)_ORIGINAL-FACE.jpg,109_mal_sub,109,mal,sub,no
20150716_id109_malsub (3)_ORIGINAL-FACE.jpg,MANDRILLS_BKB\109_mal_sub\20150716_id109_malsub (3)_ORIGINAL-FACE.jpg,109_mal_sub,109,mal,sub,no
20170509_id10_maladu (8)_ORIGINAL-FACE.jpg,MANDRILLS_BKB\10_mal_adu\20170509_id10_maladu (8)_ORIGINAL-FACE.jpg,10_mal_adu,10,mal,adu,no
20180716_id110_femadu (4)_ORIGINAL-FACE.jpg,MANDRILLS_BKB\110_fem_adu\20180716_id110_femadu (4)_ORIGINAL-FACE.jpg,110_fem_adu,110,fem,adu,yes
20180723_id110_femadu (1)_ORIGINAL-FACE.jpg,MANDRILLS_BKB\110_fem_adu\20180723_id110_femadu (1)_ORIGINAL-FACE.jpg,110_fem_adu,110,fem,adu,yes
20180726_id110_femadu (22)_ORIGINAL-FACE.jpg,MANDRILLS_BKB\110_fem_adu\20180726_id110_femadu (22)_ORIGINAL-FACE.jpg,110_fem_adu,110,fem,adu,yes
20180731_id110_femadu (2)_ORIGINAL-FACE.jpg,MANDRILLS_BKB\110_fem_adu\20180731_id110_femadu (2)_ORIGINAL-FACE.jpg,110_fem_adu,110,fem,adu,yes
20181124_id110_femadu (2)_ORIGINAL-FACE.jpg,MANDRILLS_BKB\110_fem_adu\20181124_id110_femadu (2)_ORIGINAL-FACE.jpg,110_fem_adu,110,fem,adu,yes
20181212_id110_femadu_ORIGINAL-FACE.jpg,MANDRILLS_BKB\110_fem_adu\20181212_id110_femadu_ORIGINAL-FACE.jpg,110_fem_adu,110,fem,adu,no
20180629_id112_malado (7)_ORIGINAL-FACE.jpg,MANDRILLS_BKB\112_mal_ado\20180629_id112_malado (7)_ORIGINAL-FACE.jpg,112_mal_ado,112,mal,ado,no
20180705_id112_malado (10)_ORIGINAL-FACE.jpg,MANDRILLS_BKB\112_mal_ado\20180705_id112_malado (10)_ORIGINAL-FACE.jpg,112_mal_ado,112,mal,ado,no
20180726_id112_malado (10)_ORIGINAL-FACE.jpg,MANDRILLS_BKB\112_mal_ado\20180726_id112_malado (10)_ORIGINAL-FACE.jpg,112_mal_ado,112,mal,ado,no
20181212_id112_malado (7)_ORIGINAL-FACE.jpg,MANDRILLS_BKB\112_mal_ado\20181212_id112_malado (7)_ORIGINAL-FACE.jpg,112_mal_ado,112,mal,ado,no
20151206_id115_malsub (2)_ORIGINAL-FACE.jpg,MANDRILLS_BKB\115_mal_sub\20151206_id115_malsub (2)_ORIGINAL-FACE.jpg,115_mal_sub,115,mal,sub,no
20151208_id116_maladu (1)_ORIGINAL-FACE.jpg,MANDRILLS_BKB\116_mal_adu\20151208_id116_maladu (1)_ORIGINAL-FACE.jpg,116_mal_adu,116,mal,adu,no
20180621_id116_maladu (2)_ORIGINAL-FACE.jpg,MANDRILLS_BKB\116_mal_adu\20180621_id116_maladu (2)_ORIGINAL-FACE.jpg,116_mal_adu,116,mal,adu,no
20180725_id116_maladu (3)_ORIGINAL-FACE.jpg,MANDRILLS_BKB\116_mal_adu\20180725_id116_maladu (3)_ORIGINAL-FACE.jpg,116_mal_adu,116,mal,adu,no
20180803_id116_maladu_ORIGINAL-FACE.jpg,MANDRILLS_BKB\116_mal_adu\20180803_id116_maladu_ORIGINAL-FACE.jpg,116_mal_adu,116,mal,adu,no
20151202_id118_malado (1)_ORIGINAL-FACE.jpg,MANDRILLS_BKB\118_mal_ado\20151202_id118_malado (1)_ORIGINAL-FACE.jpg,118_mal_ado,118,mal,ado,no
20180614_id121_malado (2)_ORIGINAL-FACE.jpg,MANDRILLS_BKB\121_mal_ado\20180614_id121_malado (2)_ORIGINAL-FACE.jpg,121_mal_ado,121,mal,ado,no
20180619_id121_malado (5)_ORIGINAL-FACE.jpg,MANDRILLS_BKB\121_mal_ado\20180619_id121_malado (5)_ORIGINAL-FACE.jpg,121_mal_ado,121,mal,ado,no
20180620_id121_malado (59)_ORIGINAL-FACE.jpg,MANDRILLS_BKB\121_mal_ado\20180620_id121_malado (59)_ORIGINAL-FACE.jpg,121_mal_ado,121,mal,ado,no
20180706_id121_malado (4)_ORIGINAL-FACE.jpg,MANDRILLS_BKB\121_mal_ado\20180706_id121_malado (4)_ORIGINAL-FACE.jpg,121_mal_ado,121,mal,ado,no
20180719_id121_malado (2)_ORIGINAL-FACE.jpg,MANDRILLS_BKB\121_mal_ado\20180719_id121_malado (2)_ORIGINAL-FACE.jpg,121_mal_ado,121,mal,ado,no
20180727_id121_malado (6)_ORIGINAL-FACE.jpg,MANDRILLS_BKB\121_mal_ado\20180727_id121_malado (6)_ORIGINAL-FACE.jpg,121_mal_ado,121,mal,ado,no
20180731_id121_malado (3)_ORIGINAL-FACE.jpg,MANDRILLS_BKB\121_mal_ado\20180731_id121_malado (3)_ORIGINAL-FACE.jpg,121_mal_ado,121,mal,ado,no
20190128_id121_malado (12)_ORIGINAL-FACE.jpg,MANDRILLS_BKB\121_mal_ado\20190128_id121_malado (12)_ORIGINAL-FACE.jpg,121_mal_ado,121,mal,ado,no
20190212_id121_malado (3)_ORIGINAL-FACE.jpg,MANDRILLS_BKB\121_mal_ado\20190212_id121_malado (3)_ORIGINAL-FACE.jpg,121_mal_ado,121,mal,ado,no
20180719_id122_malado (4)_ORIGINAL-FACE.jpg,MANDRILLS_BKB\122_mal_ado\20180719_id122_malado (4)_ORIGINAL-FACE.jpg,122_mal_ado,122,mal,ado,no
20180723_id122_malado (2)_ORIGINAL-FACE.jpg,MANDRILLS_BKB\122_mal_ado\20180723_id122_malado (2)_ORIGINAL-FACE.jpg,122_mal_ado,122,mal,ado,no
20180823_id122_malado (5)_ORIGINAL-FACE.jpg,MANDRILLS_BKB\122_mal_ado\20180823_id122_malado (5)_ORIGINAL-FACE.jpg,122_mal_ado,122,mal,ado,no
20180918_id122_malado (19)_ORIGINAL-FACE.jpg,MANDRILLS_BKB\122_mal_ado\20180918_id122_malado (19)_ORIGINAL-FACE.jpg,122_mal_ado,122,mal,ado,no
20190120_id122_malado (7)_ORIGINAL-FACE.jpg,MANDRILLS_BKB\122_mal_ado\20190120_id122_malado (7)_ORIGINAL-FACE.jpg,122_mal_ado,122,mal,ado,no
20180726_id124_femadu (15)_ORIGINAL-FACE.jpg,MANDRILLS_BKB\124_fem_adu\20180726_id124_femadu (15)_ORIGINAL-FACE.jpg,124_fem_adu,124,fem,adu,yes
20180730_id124_femadu (1)_ORIGINAL-FACE.jpg,MANDRILLS_BKB\124_fem_adu\20180730_id124_femadu (1)_ORIGINAL-FACE.jpg,124_fem_adu,124,fem,adu,yes
20180815_id124_femadu (5)_ORIGINAL-FACE.jpg,MANDRILLS_BKB\124_fem_adu\20180815_id124_femadu (5)_ORIGINAL-FACE.jpg,124_fem_adu,124,fem,adu,yes
20180907_id124_femadu (18)_ORIGINAL-FACE.jpg,MANDRILLS_BKB\124_fem_adu\20180907_id124_femadu (18)_ORIGINAL-FACE.jpg,124_fem_adu,124,fem,adu,yes
20180703_id126_femadu (1)_ORIGINAL-FACE.jpg,MANDRILLS_BKB\126_fem_adu\20180703_id126_femadu (1)_ORIGINAL-FACE.jpg,126_fem_adu,126,fem,adu,yes
20180719_id126_femadu (3)_ORIGINAL-FACE.jpg,MANDRILLS_BKB\126_fem_adu\20180719_id126_femadu (3)_ORIGINAL-FACE.jpg,126_fem_adu,126,fem,adu,yes
20180823_id126_femadu (3)_ORIGINAL-FACE.jpg,MANDRILLS_BKB\126_fem_adu\20180823_id126_femadu (3)_ORIGINAL-FACE.jpg,126_fem_adu,126,fem,adu,yes
20181126_id126_femadu (2)_ORIGINAL-FACE.jpg,MANDRILLS_BKB\126_fem_adu\20181126_id126_femadu (2)_ORIGINAL-FACE.jpg,126_fem_adu,126,fem,adu,yes
20181212_id126_feamadu (3)_ORIGINAL-FACE.jpg,MANDRILLS_BKB\126_fem_adu\20181212_id126_feamadu (3)_ORIGINAL-FACE.jpg,126_fem_adu,126,fem,adu,yes
20190118_id126_femadu_DROITE (6)_ORIGINAL-FACE.jpg,MANDRILLS_BKB\126_fem_adu\20190118_id126_femadu_DROITE (6)_ORIGINAL-FACE.jpg,126_fem_adu,126,fem,adu,yes
20140702_id12_maladu (5)_ORIGINAL-FACE.jpg,MANDRILLS_BKB\12_mal_adu\20140702_id12_maladu (5)_ORIGINAL-FACE.jpg,12_mal_adu,12,mal,adu,no
20180409_id12_maladu (20)_ORIGINAL-FACE.jpg,MANDRILLS_BKB\12_mal_adu\20180409_id12_maladu (20)_ORIGINAL-FACE.jpg,12_mal_adu,12,mal,adu,no
20180416_id12_maladu (2)_ORIGINAL-FACE.jpg,MANDRILLS_BKB\12_mal_adu\20180416_id12_maladu (2)_ORIGINAL-FACE.jpg,12_mal_adu,12,mal,adu,no
20180618_id12_maladu (4)_ORIGINAL-FACE.jpg,MANDRILLS_BKB\12_mal_adu\20180618_id12_maladu (4)_ORIGINAL-FACE.jpg,12_mal_adu,12,mal,adu,no
20180620_id12_maladu (75)_ORIGINAL-FACE.jpg,MANDRILLS_BKB\12_mal_adu\20180620_id12_maladu (75)_ORIGINAL-FACE.jpg,12_mal_adu,12,mal,adu,no
20180705_id12_maladu (1)_ORIGINAL-FACE.jpg,MANDRILLS_BKB\12_mal_adu\20180705_id12_maladu (1)_ORIGINAL-FACE.jpg,12_mal_adu,12,mal,adu,no
20130401_id12_malsub (9)_ORIGINAL-FACE.jpg,MANDRILLS_BKB\12_mal_sub\20130401_id12_malsub (9)_ORIGINAL-FACE.jpg,12_mal_sub,12,mal,sub,no
20180626_id131_malsub (4)_ORIGINAL-FACE.jpg,MANDRILLS_BKB\131_mal_sub\20180626_id131_malsub (4)_ORIGINAL-FACE.jpg,131_mal_sub,131,mal,sub,no
20180705_id131_malsubDROITE (1)_ORIGINAL-FACE.jpg,MANDRILLS_BKB\131_mal_sub\20180705_id131_malsubDROITE (1)_ORIGINAL-FACE.jpg,131_mal_sub,131,mal,sub,no
20180718_id131_malsub (7)_ORIGINAL-FACE.jpg,MANDRILLS_BKB\131_mal_sub\20180718_id131_malsub (7)_ORIGINAL-FACE.jpg,131_mal_sub,131,mal,sub,no
20180725_id131_malsub (11)_ORIGINAL-FACE.jpg,MANDRILLS_BKB\131_mal_sub\20180725_id131_malsub (11)_ORIGINAL-FACE.jpg,131_mal_sub,131,mal,sub,no
20180726_id131_malsub (8)_ORIGINAL-FACE.jpg,MANDRILLS_BKB\131_mal_sub\20180726_id131_malsub (8)_ORIGINAL-FACE.jpg,131_mal_sub,131,mal,sub,no
20180711_id132_malsub (42)_ORIGINAL-FACE.jpg,MANDRILLS_BKB\132_mal_sub\20180711_id132_malsub (42)_ORIGINAL-FACE.jpg,132_mal_sub,132,mal,sub,no
20180801_id132_malsub (2)_ORIGINAL-FACE.jpg,MANDRILLS_BKB\132_mal_sub\20180801_id132_malsub (2)_ORIGINAL-FACE.jpg,132_mal_sub,132,mal,sub,no
20181212_id132_malsub (1)_ORIGINAL-FACE.jpg,MANDRILLS_BKB\132_mal_sub\20181212_id132_malsub (1)_ORIGINAL-FACE.jpg,132_mal_sub,132,mal,sub,no
20180612_id133_maladu (8)_ORIGINAL-FACE.jpg,MANDRILLS_BKB\133_mal_adu\20180612_id133_maladu (8)_ORIGINAL-FACE.jpg,133_mal_adu,133,mal,adu,no
20180716_id133_maladu (2)_ORIGINAL-FACE.jpg,MANDRILLS_BKB\133_mal_adu\20180716_id133_maladu (2)_ORIGINAL-FACE.jpg,133_mal_adu,133,mal,adu,no
20180813_id133_maladu (2)_ORIGINAL-FACE.jpg,MANDRILLS_BKB\133_mal_adu\20180813_id133_maladu (2)_ORIGINAL-FACE.jpg,133_mal_adu,133,mal,adu,no
20181212_id133_maladu (3)_ORIGINAL-FACE.jpg,MANDRILLS_BKB\133_mal_adu\20181212_id133_maladu (3)_ORIGINAL-FACE.jpg,133_mal_adu,133,mal,adu,no
20181231_id133_maladu_DEVANT (17)_ORIGINAL-FACE.jpg,MANDRILLS_BKB\133_mal_adu\20181231_id133_maladu_DEVANT (17)_ORIGINAL-FACE.jpg,133_mal_adu,133,mal,adu,no
20190305_id133_maladu (1)_ORIGINAL-FACE.jpg,MANDRILLS_BKB\133_mal_adu\20190305_id133_maladu (1)_ORIGINAL-FACE.jpg,133_mal_adu,133,mal,adu,no
20180723_id136_malsub (1)_ORIGINAL-FACE.jpg,MANDRILLS_BKB\136_mal_sub\20180723_id136_malsub (1)_ORIGINAL-FACE.jpg,136_mal_sub,136,mal,sub,no
20180726_id136_malsub (12)_ORIGINAL-FACE.jpg,MANDRILLS_BKB\136_mal_sub\20180726_id136_malsub (12)_ORIGINAL-FACE.jpg,136_mal_sub,136,mal,sub,no
20180711_id137_femadu (6)_ORIGINAL-FACE.jpg,MANDRILLS_BKB\137_fem_adu\20180711_id137_femadu (6)_ORIGINAL-FACE.jpg,137_fem_adu,137,fem,adu,yes
20180726_id137_femadu (3)_ORIGINAL-FACE.jpg,MANDRILLS_BKB\137_fem_adu\20180726_id137_femadu (3)_ORIGINAL-FACE.jpg,137_fem_adu,137,fem,adu,yes
20180727_id137_femadu (4)_ORIGINAL-FACE.jpg,MANDRILLS_BKB\137_fem_adu\20180727_id137_femadu (4)_ORIGINAL-FACE.jpg,137_fem_adu,137,fem,adu,yes
20180731_id137_femadu (14)_ORIGINAL-FACE.jpg,MANDRILLS_BKB\137_fem_adu\20180731_id137_femadu (14)_ORIGINAL-FACE.jpg,137_fem_adu,137,fem,adu,yes
20180703_id139_femadu (3)_ORIGINAL-FACE.jpg,MANDRILLS_BKB\139_fem_adu\20180703_id139_femadu (3)_ORIGINAL-FACE.jpg,139_fem_adu,139,fem,adu,yes
20180711_id139_femadu (7)_ORIGINAL-FACE.jpg,MANDRILLS_BKB\139_fem_adu\20180711_id139_femadu (7)_ORIGINAL-FACE.jpg,139_fem_adu,139,fem,adu,yes
20180807_id139_femadu (4)_ORIGINAL-FACE.jpg,MANDRILLS_BKB\139_fem_adu\20180807_id139_femadu (4)_ORIGINAL-FACE.jpg,139_fem_adu,139,fem,adu,yes
20190112_id139_femadu (10)_ORIGINAL-FACE.jpg,MANDRILLS_BKB\139_fem_adu\20190112_id139_femadu (10)_ORIGINAL-FACE.jpg,139_fem_adu,139,fem,adu,yes
20120514_id13_femadu (14)_ORIGINAL-FACE.jpg,MANDRILLS_BKB\13_fem_adu\20120514_id13_femadu (14)_ORIGINAL-FACE.jpg,13_fem_adu,13,fem,adu,yes
20120901_id13_femadu (1)_ORIGINAL-FACE.jpg,MANDRILLS_BKB\13_fem_adu\20120901_id13_femadu (1)_ORIGINAL-FACE.jpg,13_fem_adu,13,fem,adu,yes
20120901_id13_femadu (2)_ORIGINAL-FACE.jpg,MANDRILLS_BKB\13_fem_adu\20120901_id13_femadu (2)_ORIGINAL-FACE.jpg,13_fem_adu,13,fem,adu,yes
20140701_id13_femadu (1)_ORIGINAL-FACE.jpg,MANDRILLS_BKB\13_fem_adu\20140701_id13_femadu (1)_ORIGINAL-FACE.jpg,13_fem_adu,13,fem,adu,yes
20140701_id13_femadu (6)_ORIGINAL-FACE.jpg,MANDRILLS_BKB\13_fem_adu\20140701_id13_femadu (6)_ORIGINAL-FACE.jpg,13_fem_adu,13,fem,adu,yes
20150628_id13_femadu (1)_ORIGINAL-FACE.jpg,MANDRILLS_BKB\13_fem_adu\20150628_id13_femadu (1)_ORIGINAL-FACE.jpg,13_fem_adu,13,fem,adu,yes
20151203_id13_femadu (3)_ORIGINAL-FACE.jpg,MANDRILLS_BKB\13_fem_adu\20151203_id13_femadu (3)_ORIGINAL-FACE.jpg,13_fem_adu,13,fem,adu,yes
20180802_id13_femadu (7)_ORIGINAL-FACE.jpg,MANDRILLS_BKB\13_fem_adu\20180802_id13_femadu (7)_ORIGINAL-FACE.jpg,13_fem_adu,13,fem,adu,yes
20180613_id140_malado (2)_ORIGINAL-FACE.jpg,MANDRILLS_BKB\140_mal_ado\20180613_id140_malado (2)_ORIGINAL-FACE.jpg,140_mal_ado,140,mal,ado,no
20180627_id140_malado (6)_ORIGINAL-FACE.jpg,MANDRILLS_BKB\140_mal_ado\20180627_id140_malado (6)_ORIGINAL-FACE.jpg,140_mal_ado,140,mal,ado,no
20180710_id140_malado (7)_ORIGINAL-FACE.jpg,MANDRILLS_BKB\140_mal_ado\20180710_id140_malado (7)_ORIGINAL-FACE.jpg,140_mal_ado,140,mal,ado,no
20180726_id140_malado (36)_ORIGINAL-FACE.jpg,MANDRILLS_BKB\140_mal_ado\20180726_id140_malado (36)_ORIGINAL-FACE.jpg,140_mal_ado,140,mal,ado,no
20180731_id140_malado (1)_ORIGINAL-FACE.jpg,MANDRILLS_BKB\140_mal_ado\20180731_id140_malado (1)_ORIGINAL-FACE.jpg,140_mal_ado,140,mal,ado,no
20180823_id140_malado_ORIGINAL-FACE.jpg,MANDRILLS_BKB\140_mal_ado\20180823_id140_malado_ORIGINAL-FACE.jpg,140_mal_ado,140,mal,ado,no
20181231_id140_malado (5)_ORIGINAL-FACE.jpg,MANDRILLS_BKB\140_mal_ado\20181231_id140_malado (5)_ORIGINAL-FACE.jpg,140_mal_ado,140,mal,ado,no
unknown_id140_malado (5)_ORIGINAL-FACE.jpg,MANDRILLS_BKB\140_mal_ado\unknown_id140_malado (5)_ORIGINAL-FACE.jpg,140_mal_ado,140,mal,ado,no
20170427_id141_maladuCENTREARRIERE (1)_ORIGINAL-FACE.jpg,MANDRILLS_BKB\141_mal_adu\20170427_id141_maladuCENTREARRIERE (1)_ORIGINAL-FACE.jpg,141_mal_adu,141,mal,adu,no
20180619_id141_maladu (24)_ORIGINAL-FACE.jpg,MANDRILLS_BKB\141_mal_adu\20180619_id141_maladu (24)_ORIGINAL-FACE.jpg,141_mal_adu,141,mal,adu,no
20180705_id141_maladu (10)_ORIGINAL-FACE.jpg,MANDRILLS_BKB\141_mal_adu\20180705_id141_maladu (10)_ORIGINAL-FACE.jpg,141_mal_adu,141,mal,adu,no
20180801_id141_maladu (1)_ORIGINAL-FACE.jpg,MANDRILLS_BKB\141_mal_adu\20180801_id141_maladu (1)_ORIGINAL-FACE.jpg,141_mal_adu,141,mal,adu,no
20181212_id141_maladu (9)_ORIGINAL-FACE.jpg,MANDRILLS_BKB\141_mal_adu\20181212_id141_maladu (9)_ORIGINAL-FACE.jpg,141_mal_adu,141,mal,adu,no
20190112_id141_maladu (5)_ORIGINAL-FACE.jpg,MANDRILLS_BKB\141_mal_adu\20190112_id141_maladu (5)_ORIGINAL-FACE.jpg,141_mal_adu,141,mal,adu,no
20190207_id141_maladu (5)_ORIGINAL-FACE.jpg,MANDRILLS_BKB\141_mal_adu\20190207_id141_maladu (5)_ORIGINAL-FACE.jpg,141_mal_adu,141,mal,adu,no
20190305_id141_maladu (15)_ORIGINAL-FACE.jpg,MANDRILLS_BKB\141_mal_adu\20190305_id141_maladu (15)_ORIGINAL-FACE.jpg,141_mal_adu,141,mal,adu,no
20180707_id142_malsub (21)_ORIGINAL-FACE.jpg,MANDRILLS_BKB\142_mal_sub\20180707_id142_malsub (21)_ORIGINAL-FACE.jpg,142_mal_sub,142,mal,sub,no
20180726_id142_malsub (18)_ORIGINAL-FACE.jpg,MANDRILLS_BKB\142_mal_sub\20180726_id142_malsub (18)_ORIGINAL-FACE.jpg,142_mal_sub,142,mal,sub,no
20180731_id142_malsub (4)_ORIGINAL-FACE.jpg,MANDRILLS_BKB\142_mal_sub\20180731_id142_malsub (4)_ORIGINAL-FACE.jpg,142_mal_sub,142,mal,sub,no
20180803_id142_malsub (10)_ORIGINAL-FACE.jpg,MANDRILLS_BKB\142_mal_sub\20180803_id142_malsub (10)_ORIGINAL-FACE.jpg,142_mal_sub,142,mal,sub,no
20180704_id143_femadu (14)_ORIGINAL-FACE.jpg,MANDRILLS_BKB\143_fem_adu\20180704_id143_femadu (14)_ORIGINAL-FACE.jpg,143_fem_adu,143,fem,adu,yes
20180705_id143_femadu (21)_ORIGINAL-FACE.jpg,MANDRILLS_BKB\143_fem_adu\20180705_id143_femadu (21)_ORIGINAL-FACE.jpg,143_fem_adu,143,fem,adu,yes
20180707_id143_femadu (19)_ORIGINAL-FACE.jpg,MANDRILLS_BKB\143_fem_adu\20180707_id143_femadu (19)_ORIGINAL-FACE.jpg,143_fem_adu,143,fem,adu,yes
20180727_id143_femadu (2)_ORIGINAL-FACE.jpg,MANDRILLS_BKB\143_fem_adu\20180727_id143_femadu (2)_ORIGINAL-FACE.jpg,143_fem_adu,143,fem,adu,yes
20181126_id143_femadu (6)_ORIGINAL-FACE.jpg,MANDRILLS_BKB\143_fem_adu\20181126_id143_femadu (6)_ORIGINAL-FACE.jpg,143_fem_adu,143,fem,adu,yes
20180726_id144_maladuDERRIERE (2)_ORIGINAL-FACE.jpg,MANDRILLS_BKB\144_mal_adu\20180726_id144_maladuDERRIERE (2)_ORIGINAL-FACE.jpg,144_mal_adu,144,mal,adu,no
20180712_id145_femadu (12)_ORIGINAL-FACE.jpg,MANDRILLS_BKB\145_fem_adu\20180712_id145_femadu (12)_ORIGINAL-FACE.jpg,145_fem_adu,145,fem,adu,yes
20180620_id146_malsub (12)_ORIGINAL-FACE.jpg,MANDRILLS_BKB\146_mal_sub\20180620_id146_malsub (12)_ORIGINAL-FACE.jpg,146_mal_sub,146,mal,sub,no
20180725_id146_malsub (7)_ORIGINAL-FACE.jpg,MANDRILLS_BKB\146_mal_sub\20180725_id146_malsub (7)_ORIGINAL-FACE.jpg,146_mal_sub,146,mal,sub,no
20180726_id146_malsub (12)_ORIGINAL-FACE.jpg,MANDRILLS_BKB\146_mal_sub\20180726_id146_malsub (12)_ORIGINAL-FACE.jpg,146_mal_sub,146,mal,sub,no
20180731_id146_malsub (2)_ORIGINAL-FACE.jpg,MANDRILLS_BKB\146_mal_sub\20180731_id146_malsub (2)_ORIGINAL-FACE.jpg,146_mal_sub,146,mal,sub,no
20180726_id147_femadu (1)_ORIGINAL-FACE.jpg,MANDRILLS_BKB\147_fem_adu\20180726_id147_femadu (1)_ORIGINAL-FACE.jpg,147_fem_adu,147,fem,adu,yes
20180907_id147_femadu (50)_ORIGINAL-FACE.jpg,MANDRILLS_BKB\147_fem_adu\20180907_id147_femadu (50)_ORIGINAL-FACE.jpg,147_fem_adu,147,fem,adu,yes
20180918_id147_femadu (2)_ORIGINAL-FACE.jpg,MANDRILLS_BKB\147_fem_adu\20180918_id147_femadu (2)_ORIGINAL-FACE.jpg,147_fem_adu,147,fem,adu,yes
20180801_id148_malado (1)_ORIGINAL-FACE.jpg,MANDRILLS_BKB\148_mal_ado\20180801_id148_malado (1)_ORIGINAL-FACE.jpg,148_mal_ado,148,mal,ado,no
20181206_id148_malado (10)_ORIGINAL-FACE.jpg,MANDRILLS_BKB\148_mal_ado\20181206_id148_malado (10)_ORIGINAL-FACE.jpg,148_mal_ado,148,mal,ado,no
20190120_id148_malado (7)_ORIGINAL-FACE.jpg,MANDRILLS_BKB\148_mal_ado\20190120_id148_malado (7)_ORIGINAL-FACE.jpg,148_mal_ado,148,mal,ado,no
20120419_id14_femadu (6)_ORIGINAL-FACE.jpg,MANDRILLS_BKB\14_fem_adu\20120419_id14_femadu (6)_ORIGINAL-FACE.jpg,14_fem_adu,14,fem,adu,yes
20180730_id14_femaduMINI (1)_ORIGINAL-FACE.jpg,MANDRILLS_BKB\14_fem_adu\20180730_id14_femaduMINI (1)_ORIGINAL-FACE.jpg,14_fem_adu,14,fem,adu,yes
20180711_id150_femadu (17)_ORIGINAL-FACE.jpg,MANDRILLS_BKB\150_fem_adu\20180711_id150_femadu (17)_ORIGINAL-FACE.jpg,150_fem_adu,150,fem,adu,yes
20180718_id150_femadu (15)_ORIGINAL-FACE.jpg,MANDRILLS_BKB\150_fem_adu\20180718_id150_femadu (15)_ORIGINAL-FACE.jpg,150_fem_adu,150,fem,adu,yes
20180726_id150_femaduDROITE (6)_ORIGINAL-FACE.jpg,MANDRILLS_BKB\150_fem_adu\20180726_id150_femaduDROITE (6)_ORIGINAL-FACE.jpg,150_fem_adu,150,fem,adu,yes
20180727_id150_femaduDROITE (3)_ORIGINAL-FACE.jpg,MANDRILLS_BKB\150_fem_adu\20180727_id150_femaduDROITE (3)_ORIGINAL-FACE.jpg,150_fem_adu,150,fem,adu,yes
20181221_id150_femadu (12)_ORIGINAL-FACE.jpg,MANDRILLS_BKB\150_fem_adu\20181221_id150_femadu (12)_ORIGINAL-FACE.jpg,150_fem_adu,150,fem,adu,no
20190223_id150_femadu_HAUT (1)_ORIGINAL-FACE.jpg,MANDRILLS_BKB\150_fem_adu\20190223_id150_femadu_HAUT (1)_ORIGINAL-FACE.jpg,150_fem_adu,150,fem,adu,no
20180830_id151_maladu (10)_ORIGINAL-FACE.jpg,MANDRILLS_BKB\151_mal_adu\20180830_id151_maladu (10)_ORIGINAL-FACE.jpg,151_mal_adu,151,mal,adu,no
20180918_id152_maladu (12)_ORIGINAL-FACE.jpg,MANDRILLS_BKB\152_mal_adu\20180918_id152_maladu (12)_ORIGINAL-FACE.jpg,152_mal_adu,152,mal,adu,no
20181008_id152_maladuCENTRE (32)_ORIGINAL-FACE.jpg,MANDRILLS_BKB\152_mal_adu\20181008_id152_maladuCENTRE (32)_ORIGINAL-FACE.jpg,152_mal_adu,152,mal,adu,no
20181206_id152_maladu (12)_ORIGINAL-FACE.jpg,MANDRILLS_BKB\152_mal_adu\20181206_id152_maladu (12)_ORIGINAL-FACE.jpg,152_mal_adu,152,mal,adu,no
20181212_id152_maladu (6)_ORIGINAL-FACE.jpg,MANDRILLS_BKB\152_mal_adu\20181212_id152_maladu (6)_ORIGINAL-FACE.jpg,152_mal_adu,152,mal,adu,no
20181212_id152_maladu (8)_ORIGINAL-FACE.jpg,MANDRILLS_BKB\152_mal_adu\20181212_id152_maladu (8)_ORIGINAL-FACE.jpg,152_mal_adu,152,mal,adu,no
20190212_id152_maladu (4)_ORIGINAL-FACE.jpg,MANDRILLS_BKB\152_mal_adu\20190212_id152_maladu (4)_ORIGINAL-FACE.jpg,152_mal_adu,152,mal,adu,no
20180918_id153_femadu (7)_ORIGINAL-FACE.jpg,MANDRILLS_BKB\153_fem_adu\20180918_id153_femadu (7)_ORIGINAL-FACE.jpg,153_fem_adu,153,fem,adu,yes
20190311_id153_femadu (11)_ORIGINAL-FACE.jpg,MANDRILLS_BKB\153_fem_adu\20190311_id153_femadu (11)_ORIGINAL-FACE.jpg,153_fem_adu,153,fem,adu,yes
20180716_id154_maladu (2)_ORIGINAL-FACE.jpg,MANDRILLS_BKB\154_mal_adu\20180716_id154_maladu (2)_ORIGINAL-FACE.jpg,154_mal_adu,154,mal,adu,no
20181129_id155_malado (36)_ORIGINAL-FACE.jpg,MANDRILLS_BKB\155_mal_ado\20181129_id155_malado (36)_ORIGINAL-FACE.jpg,155_mal_ado,155,mal,ado,no
20181206_id155_malado (18)_ORIGINAL-FACE.jpg,MANDRILLS_BKB\155_mal_ado\20181206_id155_malado (18)_ORIGINAL-FACE.jpg,155_mal_ado,155,mal,ado,no
20181212_id155_malado (2)_ORIGINAL-FACE.jpg,MANDRILLS_BKB\155_mal_ado\20181212_id155_malado (2)_ORIGINAL-FACE.jpg,155_mal_ado,155,mal,ado,no
20181212_id156_femadu (9)_ORIGINAL-FACE.jpg,MANDRILLS_BKB\156_fem_adu\20181212_id156_femadu (9)_ORIGINAL-FACE.jpg,156_fem_adu,156,fem,adu,no
20190118_id156_femadu_CENTRE (6)_ORIGINAL-FACE.jpg,MANDRILLS_BKB\156_fem_adu\20190118_id156_femadu_CENTRE (6)_ORIGINAL-FACE.jpg,156_fem_adu,156,fem,adu,no
20181212_id157_femadu (10)_ORIGINAL-FACE.jpg,MANDRILLS_BKB\157_fem_adu\20181212_id157_femadu (10)_ORIGINAL-FACE.jpg,157_fem_adu,157,fem,adu,no
20181221_id158_femadu_HAUT (8)_ORIGINAL-FACE.jpg,MANDRILLS_BKB\158_fem_adu\20181221_id158_femadu_HAUT (8)_ORIGINAL-FACE.jpg,158_fem_adu,158,fem,adu,no
20180711_id159_femadu (11)_ORIGINAL-FACE.jpg,MANDRILLS_BKB\159_fem_adu\20180711_id159_femadu (11)_ORIGINAL-FACE.jpg,159_fem_adu,159,fem,adu,no
20190112_id159_femadu_HAUT (3)_ORIGINAL-FACE.jpg,MANDRILLS_BKB\159_fem_adu\20190112_id159_femadu_HAUT (3)_ORIGINAL-FACE.jpg,159_fem_adu,159,fem,adu,no
20190305_id159_femaduHAUT_ORIGINAL-FACE.jpg,MANDRILLS_BKB\159_fem_adu\20190305_id159_femaduHAUT_ORIGINAL-FACE.jpg,159_fem_adu,159,fem,adu,no
20180711_161_femadu (5)_ORIGINAL-FACE.jpg,MANDRILLS_BKB\161_fem_adu\20180711_161_femadu (5)_ORIGINAL-FACE.jpg,161_fem_adu,161,fem,adu,no
20180816_id161_femadu (1)_ORIGINAL-FACE.jpg,MANDRILLS_BKB\161_fem_adu\20180816_id161_femadu (1)_ORIGINAL-FACE.jpg,161_fem_adu,161,fem,adu,no
20190207_id162_femadu_GAUCHE (4)_ORIGINAL-FACE.jpg,MANDRILLS_BKB\162_fem_adu\20190207_id162_femadu_GAUCHE (4)_ORIGINAL-FACE.jpg,162_fem_adu,162,fem,adu,no
20190305_id162_femadu_HAUT (3)_ORIGINAL-FACE.jpg,MANDRILLS_BKB\162_fem_adu\20190305_id162_femadu_HAUT (3)_ORIGINAL-FACE.jpg,162_fem_adu,162,fem,adu,no
20180704_id163_femadu (6)_ORIGINAL-FACE.jpg,MANDRILLS_BKB\163_fem_adu\20180704_id163_femadu (6)_ORIGINAL-FACE.jpg,163_fem_adu,163,fem,adu,no
20180705_id163_femadu (8)_ORIGINAL-FACE.jpg,MANDRILLS_BKB\163_fem_adu\20180705_id163_femadu (8)_ORIGINAL-FACE.jpg,163_fem_adu,163,fem,adu,no
20180716_id163_femadu (10)_ORIGINAL-FACE.jpg,MANDRILLS_BKB\163_fem_adu\20180716_id163_femadu (10)_ORIGINAL-FACE.jpg,163_fem_adu,163,fem,adu,no
20180711_id164_femadu (1)_ORIGINAL-FACE.jpg,MANDRILLS_BKB\164_fem_adu\20180711_id164_femadu (1)_ORIGINAL-FACE.jpg,164_fem_adu,164,fem,adu,no
20180716_id164_femadu (4)_ORIGINAL-FACE.jpg,MANDRILLS_BKB\164_fem_adu\20180716_id164_femadu (4)_ORIGINAL-FACE.jpg,164_fem_adu,164,fem,adu,no
20180907_id164_femadu (8)_ORIGINAL-FACE.jpg,MANDRILLS_BKB\164_fem_adu\20180907_id164_femadu (8)_ORIGINAL-FACE.jpg,164_fem_adu,164,fem,adu,no
20190204_id164_femadu (29)_ORIGINAL-FACE.jpg,MANDRILLS_BKB\164_fem_adu\20190204_id164_femadu (29)_ORIGINAL-FACE.jpg,164_fem_adu,164,fem,adu,no
20190212_id164_femadu (19)_ORIGINAL-FACE.jpg,MANDRILLS_BKB\164_fem_adu\20190212_id164_femadu (19)_ORIGINAL-FACE.jpg,164_fem_adu,164,fem,adu,no
20190305_id164femadu (6)_ORIGINAL-FACE.jpg,MANDRILLS_BKB\164_fem_adu\20190305_id164femadu (6)_ORIGINAL-FACE.jpg,164_fem_adu,164,fem,adu,no
20180801_id166_femadu (3)_ORIGINAL-FACE.jpg,MANDRILLS_BKB\166_fem_adu\20180801_id166_femadu (3)_ORIGINAL-FACE.jpg,166_fem_adu,166,fem,adu,no
20190204_id166_femadu (4)_ORIGINAL-FACE.jpg,MANDRILLS_BKB\166_fem_adu\20190204_id166_femadu (4)_ORIGINAL-FACE.jpg,166_fem_adu,166,fem,adu,no
20190227_id168_femadu_DROITE (14)_ORIGINAL-FACE.jpg,MANDRILLS_BKB\168_fem_adu\20190227_id168_femadu_DROITE (14)_ORIGINAL-FACE.jpg,168_fem_adu,168,fem,adu,no
20120430_id16_femadu (6)_ORIGINAL-FACE.jpg,MANDRILLS_BKB\16_fem_adu\20120430_id16_femadu (6)_ORIGINAL-FACE.jpg,16_fem_adu,16,fem,adu,yes
20120515_id16_femadu (1)_ORIGINAL-FACE.jpg,MANDRILLS_BKB\16_fem_adu\20120515_id16_femadu (1)_ORIGINAL-FACE.jpg,16_fem_adu,16,fem,adu,yes
20120611_id16_femadu_ORIGINAL-FACE.jpg,MANDRILLS_BKB\16_fem_adu\20120611_id16_femadu_ORIGINAL-FACE.jpg,16_fem_adu,16,fem,adu,yes
20140203_id16_femadu (4)_ORIGINAL-FACE.jpg,MANDRILLS_BKB\16_fem_adu\20140203_id16_femadu (4)_ORIGINAL-FACE.jpg,16_fem_adu,16,fem,adu,yes
20140325_id16_femadu (2)_ORIGINAL-FACE.jpg,MANDRILLS_BKB\16_fem_adu\20140325_id16_femadu (2)_ORIGINAL-FACE.jpg,16_fem_adu,16,fem,adu,yes
20140401_id16_femaduGAUCHE (7)_ORIGINAL-FACE.jpg,MANDRILLS_BKB\16_fem_adu\20140401_id16_femaduGAUCHE (7)_ORIGINAL-FACE.jpg,16_fem_adu,16,fem,adu,yes
20140411_id16_femadu (10)_ORIGINAL-FACE.jpg,MANDRILLS_BKB\16_fem_adu\20140411_id16_femadu (10)_ORIGINAL-FACE.jpg,16_fem_adu,16,fem,adu,yes
20140702_id16_femadu (13)_ORIGINAL-FACE.jpg,MANDRILLS_BKB\16_fem_adu\20140702_id16_femadu (13)_ORIGINAL-FACE.jpg,16_fem_adu,16,fem,adu,yes
20140706_id16_femadu (12)_ORIGINAL-FACE.jpg,MANDRILLS_BKB\16_fem_adu\20140706_id16_femadu (12)_ORIGINAL-FACE.jpg,16_fem_adu,16,fem,adu,yes
20141207_id16_femadu (2)_ORIGINAL-FACE.jpg,MANDRILLS_BKB\16_fem_adu\20141207_id16_femadu (2)_ORIGINAL-FACE.jpg,16_fem_adu,16,fem,adu,yes
20150622_id16_femadu (4)_ORIGINAL-FACE.jpg,MANDRILLS_BKB\16_fem_adu\20150622_id16_femadu (4)_ORIGINAL-FACE.jpg,16_fem_adu,16,fem,adu,yes
20150716_id16_femadu (3)_ORIGINAL-FACE.jpg,MANDRILLS_BKB\16_fem_adu\20150716_id16_femadu (3)_ORIGINAL-FACE.jpg,16_fem_adu,16,fem,adu,yes
20151127_id16_femadu_ORIGINAL-FACE.jpg,MANDRILLS_BKB\16_fem_adu\20151127_id16_femadu_ORIGINAL-FACE.jpg,16_fem_adu,16,fem,adu,yes
20151128_id16_femadu_ORIGINAL-FACE.jpg,MANDRILLS_BKB\16_fem_adu\20151128_id16_femadu_ORIGINAL-FACE.jpg,16_fem_adu,16,fem,adu,yes
20151210_id16_femadu (3)_ORIGINAL-FACE.jpg,MANDRILLS_BKB\16_fem_adu\20151210_id16_femadu (3)_ORIGINAL-FACE.jpg,16_fem_adu,16,fem,adu,yes
20160722_id16_femadu (2)_ORIGINAL-FACE.jpg,MANDRILLS_BKB\16_fem_adu\20160722_id16_femadu (2)_ORIGINAL-FACE.jpg,16_fem_adu,16,fem,adu,yes
20170424_id16_femadu (1)_ORIGINAL-FACE.jpg,MANDRILLS_BKB\16_fem_adu\20170424_id16_femadu (1)_ORIGINAL-FACE.jpg,16_fem_adu,16,fem,adu,yes
20170509_id16_femadu (19)_ORIGINAL-FACE.jpg,MANDRILLS_BKB\16_fem_adu\20170509_id16_femadu (19)_ORIGINAL-FACE.jpg,16_fem_adu,16,fem,adu,yes
20180416_id16_femadu (11)_ORIGINAL-FACE.jpg,MANDRILLS_BKB\16_fem_adu\20180416_id16_femadu (11)_ORIGINAL-FACE.jpg,16_fem_adu,16,fem,adu,yes
20180613_id16_femadu (10)_ORIGINAL-FACE.jpg,MANDRILLS_BKB\16_fem_adu\20180613_id16_femadu (10)_ORIGINAL-FACE.jpg,16_fem_adu,16,fem,adu,yes
20180620_id16_femadu (17)_ORIGINAL-FACE.jpg,MANDRILLS_BKB\16_fem_adu\20180620_id16_femadu (17)_ORIGINAL-FACE.jpg,16_fem_adu,16,fem,adu,yes
20180627_id16_femadu (6)_ORIGINAL-FACE.jpg,MANDRILLS_BKB\16_fem_adu\20180627_id16_femadu (6)_ORIGINAL-FACE.jpg,16_fem_adu,16,fem,adu,yes
20180706_id16_femadu (1)_ORIGINAL-FACE.jpg,MANDRILLS_BKB\16_fem_adu\20180706_id16_femadu (1)_ORIGINAL-FACE.jpg,16_fem_adu,16,fem,adu,yes
20180726_id16_femadu (3)_ORIGINAL-FACE.jpg,MANDRILLS_BKB\16_fem_adu\20180726_id16_femadu (3)_ORIGINAL-FACE.jpg,16_fem_adu,16,fem,adu,yes
20180727_id16_femadu (4)_ORIGINAL-FACE.jpg,MANDRILLS_BKB\16_fem_adu\20180727_id16_femadu (4)_ORIGINAL-FACE.jpg,16_fem_adu,16,fem,adu,yes
20181008_id16_femadu (4)_ORIGINAL-FACE.jpg,MANDRILLS_BKB\16_fem_adu\20181008_id16_femadu (4)_ORIGINAL-FACE.jpg,16_fem_adu,16,fem,adu,yes
20120415_id17_malado_ORIGINAL-FACE.jpg,MANDRILLS_BKB\17_mal_ado\20120415_id17_malado_ORIGINAL-FACE.jpg,17_mal_ado,17,mal,ado,no
20120423_id18_femadu (1)_ORIGINAL-FACE.jpg,MANDRILLS_BKB\18_fem_adu\20120423_id18_femadu (1)_ORIGINAL-FACE.jpg,18_fem_adu,18,fem,adu,yes
20120512_id18_femadu (6)_ORIGINAL-FACE.jpg,MANDRILLS_BKB\18_fem_adu\20120512_id18_femadu (6)_ORIGINAL-FACE.jpg,18_fem_adu,18,fem,adu,yes
20140703_id18_femadu (2)_ORIGINAL-FACE.jpg,MANDRILLS_BKB\18_fem_adu\20140703_id18_femadu (2)_ORIGINAL-FACE.jpg,18_fem_adu,18,fem,adu,yes
20180726_id18_femadu (3)_ORIGINAL-FACE.jpg,MANDRILLS_BKB\18_fem_adu\20180726_id18_femadu (3)_ORIGINAL-FACE.jpg,18_fem_adu,18,fem,adu,yes
20190118_id18_femadu (2)_ORIGINAL-FACE.jpg,MANDRILLS_BKB\18_fem_adu\20190118_id18_femadu (2)_ORIGINAL-FACE.jpg,18_fem_adu,18,fem,adu,yes
20120216_id19_femadu (1)_ORIGINAL-FACE.jpg,MANDRILLS_BKB\19_fem_adu\20120216_id19_femadu (1)_ORIGINAL-FACE.jpg,19_fem_adu,19,fem,adu,no
20120512_id19_femadu (2)_ORIGINAL-FACE.jpg,MANDRILLS_BKB\19_fem_adu\20120512_id19_femadu (2)_ORIGINAL-FACE.jpg,19_fem_adu,19,fem,adu,no
20170427_id1_malado (1)_ORIGINAL-FACE.jpg,MANDRILLS_BKB\1_mal_ado\20170427_id1_malado (1)_ORIGINAL-FACE.jpg,1_mal_ado,1,mal,ado,no
20120921_id20_femadu (2)_ORIGINAL-FACE.jpg,MANDRILLS_BKB\20_fem_adu\20120921_id20_femadu (2)_ORIGINAL-FACE.jpg,20_fem_adu,20,fem,adu,yes
20180717_id20_femadu (10)_ORIGINAL-FACE.jpg,MANDRILLS_BKB\20_fem_adu\20180717_id20_femadu (10)_ORIGINAL-FACE.jpg,20_fem_adu,20,fem,adu,yes
20180725_id20_femadu (16)_ORIGINAL-FACE.jpg,MANDRILLS_BKB\20_fem_adu\20180725_id20_femadu (16)_ORIGINAL-FACE.jpg,20_fem_adu,20,fem,adu,yes
20181008_id20_femadu (1)_ORIGINAL-FACE.jpg,MANDRILLS_BKB\20_fem_adu\20181008_id20_femadu (1)_ORIGINAL-FACE.jpg,20_fem_adu,20,fem,adu,yes
20120414_id21_femadu (2)_ORIGINAL-FACE.jpg,MANDRILLS_BKB\21_fem_adu\20120414_id21_femadu (2)_ORIGINAL-FACE.jpg,21_fem_adu,21,fem,adu,yes
20121020_id21_femadu_ORIGINAL-FACE.jpg,MANDRILLS_BKB\21_fem_adu\20121020_id21_femadu_ORIGINAL-FACE.jpg,21_fem_adu,21,fem,adu,yes
20140706_id21_femadu (2)_ORIGINAL-FACE.jpg,MANDRILLS_BKB\21_fem_adu\20140706_id21_femadu (2)_ORIGINAL-FACE.jpg,21_fem_adu,21,fem,adu,yes
20140709_id21_femadu (3)_ORIGINAL-FACE.jpg,MANDRILLS_BKB\21_fem_adu\20140709_id21_femadu (3)_ORIGINAL-FACE.jpg,21_fem_adu,21,fem,adu,yes
20140824_id21_femadu (2)_ORIGINAL-FACE.jpg,MANDRILLS_BKB\21_fem_adu\20140824_id21_femadu (2)_ORIGINAL-FACE.jpg,21_fem_adu,21,fem,adu,yes
20180403_id21_femadu (5)_ORIGINAL-FACE.jpg,MANDRILLS_BKB\21_fem_adu\20180403_id21_femadu (5)_ORIGINAL-FACE.jpg,21_fem_adu,21,fem,adu,yes
20180628_id21_femadu (7)_ORIGINAL-FACE.jpg,MANDRILLS_BKB\21_fem_adu\20180628_id21_femadu (7)_ORIGINAL-FACE.jpg,21_fem_adu,21,fem,adu,yes
20180711_id21_femadu (2)_ORIGINAL-FACE.jpg,MANDRILLS_BKB\21_fem_adu\20180711_id21_femadu (2)_ORIGINAL-FACE.jpg,21_fem_adu,21,fem,adu,yes
20180727_id21_femadu (4)_ORIGINAL-FACE.jpg,MANDRILLS_BKB\21_fem_adu\20180727_id21_femadu (4)_ORIGINAL-FACE.jpg,21_fem_adu,21,fem,adu,yes
20180816_id21_femadu (14)_ORIGINAL-FACE.jpg,MANDRILLS_BKB\21_fem_adu\20180816_id21_femadu (14)_ORIGINAL-FACE.jpg,21_fem_adu,21,fem,adu,yes
20190108_id21_femadu (8)_ORIGINAL-FACE.jpg,MANDRILLS_BKB\21_fem_adu\20190108_id21_femadu (8)_ORIGINAL-FACE.jpg,21_fem_adu,21,fem,adu,yes
20120919_id23_femadu (2)_ORIGINAL-FACE.jpg,MANDRILLS_BKB\23_fem_adu\20120919_id23_femadu (2)_ORIGINAL-FACE.jpg,23_fem_adu,23,fem,adu,yes
20130401_id23_femadu (4)_ORIGINAL-FACE.jpg,MANDRILLS_BKB\23_fem_adu\20130401_id23_femadu (4)_ORIGINAL-FACE.jpg,23_fem_adu,23,fem,adu,yes
20140701_id23_femadu (4)_ORIGINAL-FACE.jpg,MANDRILLS_BKB\23_fem_adu\20140701_id23_femadu (4)_ORIGINAL-FACE.jpg,23_fem_adu,23,fem,adu,yes
20180705_id23_femadu (4)_ORIGINAL-FACE.jpg,MANDRILLS_BKB\23_fem_adu\20180705_id23_femadu (4)_ORIGINAL-FACE.jpg,23_fem_adu,23,fem,adu,yes
20170424_id24_malado (3)_ORIGINAL-FACE.jpg,MANDRILLS_BKB\24_mal_ado\20170424_id24_malado (3)_ORIGINAL-FACE.jpg,24_mal_ado,24,mal,ado,no
20180612_id24_malado (1)_ORIGINAL-FACE.jpg,MANDRILLS_BKB\24_mal_ado\20180612_id24_malado (1)_ORIGINAL-FACE.jpg,24_mal_ado,24,mal,ado,no
20180616_id24_malado (3)_ORIGINAL-FACE.jpg,MANDRILLS_BKB\24_mal_ado\20180616_id24_malado (3)_ORIGINAL-FACE.jpg,24_mal_ado,24,mal,ado,no
20180704_id24_malado (10)_ORIGINAL-FACE.jpg,MANDRILLS_BKB\24_mal_ado\20180704_id24_malado (10)_ORIGINAL-FACE.jpg,24_mal_ado,24,mal,ado,no
20180718_id24_malado (12)_ORIGINAL-FACE.jpg,MANDRILLS_BKB\24_mal_ado\20180718_id24_malado (12)_ORIGINAL-FACE.jpg,24_mal_ado,24,mal,ado,no
20180726_id24_malado (3)_ORIGINAL-FACE.jpg,MANDRILLS_BKB\24_mal_ado\20180726_id24_malado (3)_ORIGINAL-FACE.jpg,24_mal_ado,24,mal,ado,no
20180907_id24_malado (3)_ORIGINAL-FACE.jpg,MANDRILLS_BKB\24_mal_ado\20180907_id24_malado (3)_ORIGINAL-FACE.jpg,24_mal_ado,24,mal,ado,no
20181122_id24_malado (9)_ORIGINAL-FACE.jpg,MANDRILLS_BKB\24_mal_ado\20181122_id24_malado (9)_ORIGINAL-FACE.jpg,24_mal_ado,24,mal,ado,no
20190120_id24_malado (9)_ORIGINAL-FACE.jpg,MANDRILLS_BKB\24_mal_ado\20190120_id24_malado (9)_ORIGINAL-FACE.jpg,24_mal_ado,24,mal,ado,no
20190204_id24_malado (3)_ORIGINAL-FACE.jpg,MANDRILLS_BKB\24_mal_ado\20190204_id24_malado (3)_ORIGINAL-FACE.jpg,24_mal_ado,24,mal,ado,no
20140704_id25_femadu (3)_ORIGINAL-FACE.jpg,MANDRILLS_BKB\25_fem_adu\20140704_id25_femadu (3)_ORIGINAL-FACE.jpg,25_fem_adu,25,fem,adu,no
20150524_id26_femadu (2)_ORIGINAL-FACE.jpg,MANDRILLS_BKB\26_fem_adu\20150524_id26_femadu (2)_ORIGINAL-FACE.jpg,26_fem_adu,26,fem,adu,yes
20181124_id26_femadu (9)_ORIGINAL-FACE.jpg,MANDRILLS_BKB\26_fem_adu\20181124_id26_femadu (9)_ORIGINAL-FACE.jpg,26_fem_adu,26,fem,adu,yes
20150503_id27_malado (4)_ORIGINAL-FACE.jpg,MANDRILLS_BKB\27_mal_ado\20150503_id27_malado (4)_ORIGINAL-FACE.jpg,27_mal_ado,27,mal,ado,no
20150524_id27_malado (2)_ORIGINAL-FACE.jpg,MANDRILLS_BKB\27_mal_ado\20150524_id27_malado (2)_ORIGINAL-FACE.jpg,27_mal_ado,27,mal,ado,no
20170424_id27_malado (1)_ORIGINAL-FACE.jpg,MANDRILLS_BKB\27_mal_ado\20170424_id27_malado (1)_ORIGINAL-FACE.jpg,27_mal_ado,27,mal,ado,no
20180409_id27_malsub (1)_ORIGINAL-FACE.jpg,MANDRILLS_BKB\27_mal_sub\20180409_id27_malsub (1)_ORIGINAL-FACE.jpg,27_mal_sub,27,mal,sub,no
20180409_id27_malsub (11)_ORIGINAL-FACE.jpg,MANDRILLS_BKB\27_mal_sub\20180409_id27_malsub (11)_ORIGINAL-FACE.jpg,27_mal_sub,27,mal,sub,no
20180409_id27_malsub (29)_ORIGINAL-FACE.jpg,MANDRILLS_BKB\27_mal_sub\20180409_id27_malsub (29)_ORIGINAL-FACE.jpg,27_mal_sub,27,mal,sub,no
20180611_id27_malsub (3)_ORIGINAL-FACE.jpg,MANDRILLS_BKB\27_mal_sub\20180611_id27_malsub (3)_ORIGINAL-FACE.jpg,27_mal_sub,27,mal,sub,no
20180614_id27_malsub (1)_ORIGINAL-FACE.jpg,MANDRILLS_BKB\27_mal_sub\20180614_id27_malsub (1)_ORIGINAL-FACE.jpg,27_mal_sub,27,mal,sub,no
20180616_id27_malsub (5)_ORIGINAL-FACE.jpg,MANDRILLS_BKB\27_mal_sub\20180616_id27_malsub (5)_ORIGINAL-FACE.jpg,27_mal_sub,27,mal,sub,no
20180622_id27_malsub_ORIGINAL-FACE.jpg,MANDRILLS_BKB\27_mal_sub\20180622_id27_malsub_ORIGINAL-FACE.jpg,27_mal_sub,27,mal,sub,no
20180627_id27_malsub_ORIGINAL-FACE.jpg,MANDRILLS_BKB\27_mal_sub\20180627_id27_malsub_ORIGINAL-FACE.jpg,27_mal_sub,27,mal,sub,no
20180704_id27_malsub (4)_ORIGINAL-FACE.jpg,MANDRILLS_BKB\27_mal_sub\20180704_id27_malsub (4)_ORIGINAL-FACE.jpg,27_mal_sub,27,mal,sub,no
20180719_id27_malsub (3)_ORIGINAL-FACE.jpg,MANDRILLS_BKB\27_mal_sub\20180719_id27_malsub (3)_ORIGINAL-FACE.jpg,27_mal_sub,27,mal,sub,no
20180807_id27_malsub (9)_ORIGINAL-FACE.jpg,MANDRILLS_BKB\27_mal_sub\20180807_id27_malsub (9)_ORIGINAL-FACE.jpg,27_mal_sub,27,mal,sub,no
20181124_id27_malsub (4)_ORIGINAL-FACE.jpg,MANDRILLS_BKB\27_mal_sub\20181124_id27_malsub (4)_ORIGINAL-FACE.jpg,27_mal_sub,27,mal,sub,no
20181124_id27_malsub (9)_ORIGINAL-FACE.jpg,MANDRILLS_BKB\27_mal_sub\20181124_id27_malsub (9)_ORIGINAL-FACE.jpg,27_mal_sub,27,mal,sub,no
unknown_id27_malsub (10)_ORIGINAL-FACE.jpg,MANDRILLS_BKB\27_mal_sub\unknown_id27_malsub (10)_ORIGINAL-FACE.jpg,27_mal_sub,27,mal,sub,no
20120216_id29_femaduDERRIERE (1)_ORIGINAL-FACE.jpg,MANDRILLS_BKB\29_fem_adu\20120216_id29_femaduDERRIERE (1)_ORIGINAL-FACE.jpg,29_fem_adu,29,fem,adu,yes
20120917_id29_femadu_ORIGINAL-FACE.jpg,MANDRILLS_BKB\29_fem_adu\20120917_id29_femadu_ORIGINAL-FACE.jpg,29_fem_adu,29,fem,adu,yes
20140703_id29_femadu (1)_ORIGINAL-FACE.jpg,MANDRILLS_BKB\29_fem_adu\20140703_id29_femadu (1)_ORIGINAL-FACE.jpg,29_fem_adu,29,fem,adu,yes
20170509_id29_femadu (37)_ORIGINAL-FACE.jpg,MANDRILLS_BKB\29_fem_adu\20170509_id29_femadu (37)_ORIGINAL-FACE.jpg,29_fem_adu,29,fem,adu,yes
20180626_id29_femadu (5)_ORIGINAL-FACE.jpg,MANDRILLS_BKB\29_fem_adu\20180626_id29_femadu (5)_ORIGINAL-FACE.jpg,29_fem_adu,29,fem,adu,yes
20180629_id29_femadu (2)_ORIGINAL-FACE.jpg,MANDRILLS_BKB\29_fem_adu\20180629_id29_femadu (2)_ORIGINAL-FACE.jpg,29_fem_adu,29,fem,adu,yes
20180803_id29_femadu (8)_ORIGINAL-FACE.jpg,MANDRILLS_BKB\29_fem_adu\20180803_id29_femadu (8)_ORIGINAL-FACE.jpg,29_fem_adu,29,fem,adu,yes
20180803_id29_femadu (9)_ORIGINAL-FACE.jpg,MANDRILLS_BKB\29_fem_adu\20180803_id29_femadu (9)_ORIGINAL-FACE.jpg,29_fem_adu,29,fem,adu,yes
20181124_id29_femadu (9)_ORIGINAL-FACE.jpg,MANDRILLS_BKB\29_fem_adu\20181124_id29_femadu (9)_ORIGINAL-FACE.jpg,29_fem_adu,29,fem,adu,yes
20140701_id2_malado (1)_ORIGINAL-FACE.jpg,MANDRILLS_BKB\2_mal_ado\20140701_id2_malado (1)_ORIGINAL-FACE.jpg,2_mal_ado,2,mal,ado,no
20140824_id2_malado (4)_ORIGINAL-FACE.jpg,MANDRILLS_BKB\2_mal_ado\20140824_id2_malado (4)_ORIGINAL-FACE.jpg,2_mal_ado,2,mal,ado,no
20160812_id2_maladoMINI_ORIGINAL-FACE.jpg,MANDRILLS_BKB\2_mal_ado\20160812_id2_maladoMINI_ORIGINAL-FACE.jpg,2_mal_ado,2,mal,ado,no
20120423_id31_femadu_ORIGINAL-FACE.jpg,MANDRILLS_BKB\31_fem_adu\20120423_id31_femadu_ORIGINAL-FACE.jpg,31_fem_adu,31,fem,adu,yes
20120919_id31_femadu (1)_ORIGINAL-FACE.jpg,MANDRILLS_BKB\31_fem_adu\20120919_id31_femadu (1)_ORIGINAL-FACE.jpg,31_fem_adu,31,fem,adu,yes
20180619_id31_femadu (5)_ORIGINAL-FACE.jpg,MANDRILLS_BKB\31_fem_adu\20180619_id31_femadu (5)_ORIGINAL-FACE.jpg,31_fem_adu,31,fem,adu,yes
20180716_id31_femadu (3)_ORIGINAL-FACE.jpg,MANDRILLS_BKB\31_fem_adu\20180716_id31_femadu (3)_ORIGINAL-FACE.jpg,31_fem_adu,31,fem,adu,yes
20180716_id31_femadu (4)_ORIGINAL-FACE.jpg,MANDRILLS_BKB\31_fem_adu\20180716_id31_femadu (4)_ORIGINAL-FACE.jpg,31_fem_adu,31,fem,adu,yes
20181212_id31_femadu (7)_ORIGINAL-FACE.jpg,MANDRILLS_BKB\31_fem_adu\20181212_id31_femadu (7)_ORIGINAL-FACE.jpg,31_fem_adu,31,fem,adu,yes
20190305_id31_femadu (2)_ORIGINAL-FACE.jpg,MANDRILLS_BKB\31_fem_adu\20190305_id31_femadu (2)_ORIGINAL-FACE.jpg,31_fem_adu,31,fem,adu,yes
20120403_id33_maladu (22)_ORIGINAL-FACE.jpg,MANDRILLS_BKB\33_mal_adu\20120403_id33_maladu (22)_ORIGINAL-FACE.jpg,33_mal_adu,33,mal,adu,no
20120403_id33_maladuMINI (1)_ORIGINAL-FACE.jpg,MANDRILLS_BKB\33_mal_adu\20120403_id33_maladuMINI (1)_ORIGINAL-FACE.jpg,33_mal_adu,33,mal,adu,no
20120512_id33_maladuGAUCHE (2)_ORIGINAL-FACE-2.jpg,MANDRILLS_BKB\33_mal_adu\20120512_id33_maladuGAUCHE (2)_ORIGINAL-FACE-2.jpg,33_mal_adu,33,mal,adu,no
20120514_id33_maladu (1)_ORIGINAL-FACE.jpg,MANDRILLS_BKB\33_mal_adu\20120514_id33_maladu (1)_ORIGINAL-FACE.jpg,33_mal_adu,33,mal,adu,no
unknown_id33_maladu (13)_ORIGINAL-FACE.jpg,MANDRILLS_BKB\33_mal_adu\unknown_id33_maladu (13)_ORIGINAL-FACE.jpg,33_mal_adu,33,mal,adu,no
unknown_id33_maladu (25)_ORIGINAL-FACE.jpg,MANDRILLS_BKB\33_mal_adu\unknown_id33_maladu (25)_ORIGINAL-FACE.jpg,33_mal_adu,33,mal,adu,no
20140705_id34_femadu (1)_ORIGINAL-FACE.jpg,MANDRILLS_BKB\34_fem_adu\20140705_id34_femadu (1)_ORIGINAL-FACE.jpg,34_fem_adu,34,fem,adu,yes
20180803_id34_femadu (15)_ORIGINAL-FACE.jpg,MANDRILLS_BKB\34_fem_adu\20180803_id34_femadu (15)_ORIGINAL-FACE.jpg,34_fem_adu,34,fem,adu,yes
20140709_id35_maladu (3)_ORIGINAL-FACE.jpg,MANDRILLS_BKB\35_mal_adu\20140709_id35_maladu (3)_ORIGINAL-FACE.jpg,35_mal_adu,35,mal,adu,no
20150810_id35_maladu (1)_ORIGINAL-FACE.jpg,MANDRILLS_BKB\35_mal_adu\20150810_id35_maladu (1)_ORIGINAL-FACE.jpg,35_mal_adu,35,mal,adu,no
20120530_id36_maladu (1)_ORIGINAL-FACE.jpg,MANDRILLS_BKB\36_mal_adu\20120530_id36_maladu (1)_ORIGINAL-FACE.jpg,36_mal_adu,36,mal,adu,no
20120611_id36_maladu (5)_ORIGINAL-FACE.jpg,MANDRILLS_BKB\36_mal_adu\20120611_id36_maladu (5)_ORIGINAL-FACE.jpg,36_mal_adu,36,mal,adu,no
20120901_id36_maladu (8)_ORIGINAL-FACE.jpg,MANDRILLS_BKB\36_mal_adu\20120901_id36_maladu (8)_ORIGINAL-FACE.jpg,36_mal_adu,36,mal,adu,no
20130401_id36_maladu (10)_ORIGINAL-FACE.jpg,MANDRILLS_BKB\36_mal_adu\20130401_id36_maladu (10)_ORIGINAL-FACE.jpg,36_mal_adu,36,mal,adu,no
20120919_id37_malsub (1)_ORIGINAL-FACE.jpg,MANDRILLS_BKB\37_mal_sub\20120919_id37_malsub (1)_ORIGINAL-FACE.jpg,37_mal_sub,37,mal,sub,no
20120216_id38_femadu_ORIGINAL-FACE.jpg,MANDRILLS_BKB\38_fem_adu\20120216_id38_femadu_ORIGINAL-FACE.jpg,38_fem_adu,38,fem,adu,yes
20120425_id38_femadu (1)_ORIGINAL-FACE.jpg,MANDRILLS_BKB\38_fem_adu\20120425_id38_femadu (1)_ORIGINAL-FACE.jpg,38_fem_adu,38,fem,adu,yes
20120425_id38_femaduDROITE (3)_ORIGINAL-FACE.jpg,MANDRILLS_BKB\38_fem_adu\20120425_id38_femaduDROITE (3)_ORIGINAL-FACE.jpg,38_fem_adu,38,fem,adu,yes
20120921_id38_femadu (1)_ORIGINAL-FACE.jpg,MANDRILLS_BKB\38_fem_adu\20120921_id38_femadu (1)_ORIGINAL-FACE.jpg,38_fem_adu,38,fem,adu,yes
20140702_id38_femadu (4)_ORIGINAL-FACE.jpg,MANDRILLS_BKB\38_fem_adu\20140702_id38_femadu (4)_ORIGINAL-FACE.jpg,38_fem_adu,38,fem,adu,yes
20151214_id38_femadu (2)_ORIGINAL-FACE.jpg,MANDRILLS_BKB\38_fem_adu\20151214_id38_femadu (2)_ORIGINAL-FACE.jpg,38_fem_adu,38,fem,adu,yes
20170512_id38_femaduGAUCHE_ORIGINAL-FACE.jpg,MANDRILLS_BKB\38_fem_adu\20170512_id38_femaduGAUCHE_ORIGINAL-FACE.jpg,38_fem_adu,38,fem,adu,yes
20180705_id38_femadu (6)_ORIGINAL-FACE.jpg,MANDRILLS_BKB\38_fem_adu\20180705_id38_femadu (6)_ORIGINAL-FACE.jpg,38_fem_adu,38,fem,adu,yes
20180718_id38_femadu (6)_ORIGINAL-FACE.jpg,MANDRILLS_BKB\38_fem_adu\20180718_id38_femadu (6)_ORIGINAL-FACE.jpg,38_fem_adu,38,fem,adu,yes
20180726_id38_femadu (1)_ORIGINAL-FACE.jpg,MANDRILLS_BKB\38_fem_adu\20180726_id38_femadu (1)_ORIGINAL-FACE.jpg,38_fem_adu,38,fem,adu,yes
20180801_id38_femadu (1)_ORIGINAL-FACE.jpg,MANDRILLS_BKB\38_fem_adu\20180801_id38_femadu (1)_ORIGINAL-FACE.jpg,38_fem_adu,38,fem,adu,yes
20181126_id38_femadu (29)_ORIGINAL-FACE.jpg,MANDRILLS_BKB\38_fem_adu\20181126_id38_femadu (29)_ORIGINAL-FACE.jpg,38_fem_adu,38,fem,adu,yes
20181126_id38_femadu (4)_ORIGINAL-FACE.jpg,MANDRILLS_BKB\38_fem_adu\20181126_id38_femadu (4)_ORIGINAL-FACE.jpg,38_fem_adu,38,fem,adu,yes
20120423_id39_femadu_ORIGINAL-FACE.jpg,MANDRILLS_BKB\39_fem_adu\20120423_id39_femadu_ORIGINAL-FACE.jpg,39_fem_adu,39,fem,adu,yes
20140705_id39_femadu (3)_ORIGINAL-FACE.jpg,MANDRILLS_BKB\39_fem_adu\20140705_id39_femadu (3)_ORIGINAL-FACE.jpg,39_fem_adu,39,fem,adu,yes
20150812_id39_femadu (5)_ORIGINAL-FACE.jpg,MANDRILLS_BKB\39_fem_adu\20150812_id39_femadu (5)_ORIGINAL-FACE.jpg,39_fem_adu,39,fem,adu,yes
20180705_id39_femadu (6)_ORIGINAL-FACE.jpg,MANDRILLS_BKB\39_fem_adu\20180705_id39_femadu (6)_ORIGINAL-FACE.jpg,39_fem_adu,39,fem,adu,yes
20180707_id39_femadu (25)_ORIGINAL-FACE.jpg,MANDRILLS_BKB\39_fem_adu\20180707_id39_femadu (25)_ORIGINAL-FACE.jpg,39_fem_adu,39,fem,adu,yes
20180727_id39_femadu (4)_ORIGINAL-FACE.jpg,MANDRILLS_BKB\39_fem_adu\20180727_id39_femadu (4)_ORIGINAL-FACE.jpg,39_fem_adu,39,fem,adu,yes
20181212_id39_femadu (17)_ORIGINAL-FACE.jpg,MANDRILLS_BKB\39_fem_adu\20181212_id39_femadu (17)_ORIGINAL-FACE.jpg,39_fem_adu,39,fem,adu,yes
20120403_id40_femadu (1)_ORIGINAL-FACE.jpg,MANDRILLS_BKB\40_fem_adu\20120403_id40_femadu (1)_ORIGINAL-FACE.jpg,40_fem_adu,40,fem,adu,yes
20120425_id40_femadu (2)_ORIGINAL-FACE.jpg,MANDRILLS_BKB\40_fem_adu\20120425_id40_femadu (2)_ORIGINAL-FACE.jpg,40_fem_adu,40,fem,adu,yes
20120919_id40_femadu (1)_ORIGINAL-FACE.jpg,MANDRILLS_BKB\40_fem_adu\20120919_id40_femadu (1)_ORIGINAL-FACE.jpg,40_fem_adu,40,fem,adu,yes
20180726_id40_femadu (13)_ORIGINAL-FACE.jpg,MANDRILLS_BKB\40_fem_adu\20180726_id40_femadu (13)_ORIGINAL-FACE.jpg,40_fem_adu,40,fem,adu,yes
20180726_id40_femaduDROITE (2)_ORIGINAL-FACE.jpg,MANDRILLS_BKB\40_fem_adu\20180726_id40_femaduDROITE (2)_ORIGINAL-FACE.jpg,40_fem_adu,40,fem,adu,yes
20180730_id40_femadu (6)_ORIGINAL-FACE.jpg,MANDRILLS_BKB\40_fem_adu\20180730_id40_femadu (6)_ORIGINAL-FACE.jpg,40_fem_adu,40,fem,adu,yes
20120919_id41_femadu (2)_ORIGINAL-FACE.jpg,MANDRILLS_BKB\41_fem_adu\20120919_id41_femadu (2)_ORIGINAL-FACE.jpg,41_fem_adu,41,fem,adu,yes
20180725_id41_femadu (1)_ORIGINAL-FACE.jpg,MANDRILLS_BKB\41_fem_adu\20180725_id41_femadu (1)_ORIGINAL-FACE.jpg,41_fem_adu,41,fem,adu,yes
20120919_id42_femadu (1)_ORIGINAL-FACE.jpg,MANDRILLS_BKB\42_fem_adu\20120919_id42_femadu (1)_ORIGINAL-FACE.jpg,42_fem_adu,42,fem,adu,no
20140706_id42_femadu (4)_ORIGINAL-FACE.jpg,MANDRILLS_BKB\42_fem_adu\20140706_id42_femadu (4)_ORIGINAL-FACE.jpg,42_fem_adu,42,fem,adu,no
20140701_id43_femadu (3)_ORIGINAL-FACE.jpg,MANDRILLS_BKB\43_fem_adu\20140701_id43_femadu (3)_ORIGINAL-FACE.jpg,43_fem_adu,43,fem,adu,yes
20180718_id43_femadu (15)_ORIGINAL-FACE.jpg,MANDRILLS_BKB\43_fem_adu\20180718_id43_femadu (15)_ORIGINAL-FACE.jpg,43_fem_adu,43,fem,adu,yes
20120507_id44_femadu (2)_ORIGINAL-FACE.jpg,MANDRILLS_BKB\44_fem_adu\20120507_id44_femadu (2)_ORIGINAL-FACE.jpg,44_fem_adu,44,fem,adu,yes
20120512_id44_femadu (12)_ORIGINAL-FACE.jpg,MANDRILLS_BKB\44_fem_adu\20120512_id44_femadu (12)_ORIGINAL-FACE.jpg,44_fem_adu,44,fem,adu,yes
20140702_id44_femadu (3)_ORIGINAL-FACE.jpg,MANDRILLS_BKB\44_fem_adu\20140702_id44_femadu (3)_ORIGINAL-FACE.jpg,44_fem_adu,44,fem,adu,yes
20140706_id45_femadu (4)_ORIGINAL-FACE.jpg,MANDRILLS_BKB\45_fem_adu\20140706_id45_femadu (4)_ORIGINAL-FACE.jpg,45_fem_adu,45,fem,adu,yes
20151206_id45_femadu (3)_ORIGINAL-FACE.jpg,MANDRILLS_BKB\45_fem_adu\20151206_id45_femadu (3)_ORIGINAL-FACE.jpg,45_fem_adu,45,fem,adu,yes
20180725_id45_femadu (10)_ORIGINAL-FACE.jpg,MANDRILLS_BKB\45_fem_adu\20180725_id45_femadu (10)_ORIGINAL-FACE.jpg,45_fem_adu,45,fem,adu,yes
20180726_id45_femadu_ORIGINAL-FACE.jpg,MANDRILLS_BKB\45_fem_adu\20180726_id45_femadu_ORIGINAL-FACE.jpg,45_fem_adu,45,fem,adu,yes
20181231_id45_femadu (19)_ORIGINAL-FACE.jpg,MANDRILLS_BKB\45_fem_adu\20181231_id45_femadu (19)_ORIGINAL-FACE.jpg,45_fem_adu,45,fem,adu,yes
20120512_id47_femadu (4)_ORIGINAL-FACE.jpg,MANDRILLS_BKB\47_fem_adu\20120512_id47_femadu (4)_ORIGINAL-FACE.jpg,47_fem_adu,47,fem,adu,yes
20120514_id47_femadu_ORIGINAL-FACE.jpg,MANDRILLS_BKB\47_fem_adu\20120514_id47_femadu_ORIGINAL-FACE.jpg,47_fem_adu,47,fem,adu,yes
20180730_id47_femadu (4)_ORIGINAL-FACE.jpg,MANDRILLS_BKB\47_fem_adu\20180730_id47_femadu (4)_ORIGINAL-FACE.jpg,47_fem_adu,47,fem,adu,yes
20180907_id47_femadu (27)_ORIGINAL-FACE.jpg,MANDRILLS_BKB\47_fem_adu\20180907_id47_femadu (27)_ORIGINAL-FACE.jpg,47_fem_adu,47,fem,adu,yes
20120920_id48_femadu (1)_ORIGINAL-FACE.jpg,MANDRILLS_BKB\48_fem_adu\20120920_id48_femadu (1)_ORIGINAL-FACE.jpg,48_fem_adu,48,fem,adu,yes
20140701_id48_femadu (1)_ORIGINAL-FACE.jpg,MANDRILLS_BKB\48_fem_adu\20140701_id48_femadu (1)_ORIGINAL-FACE.jpg,48_fem_adu,48,fem,adu,yes
20151202_id48_femadu (3)_ORIGINAL-FACE.jpg,MANDRILLS_BKB\48_fem_adu\20151202_id48_femadu (3)_ORIGINAL-FACE.jpg,48_fem_adu,48,fem,adu,yes
20180304_id48_femadu (6)_ORIGINAL-FACE.jpg,MANDRILLS_BKB\48_fem_adu\20180304_id48_femadu (6)_ORIGINAL-FACE.jpg,48_fem_adu,48,fem,adu,yes
20180725_id48_femadu (1)_ORIGINAL-FACE.jpg,MANDRILLS_BKB\48_fem_adu\20180725_id48_femadu (1)_ORIGINAL-FACE.jpg,48_fem_adu,48,fem,adu,yes
20180823_id48_femadu (8)_ORIGINAL-FACE.jpg,MANDRILLS_BKB\48_fem_adu\20180823_id48_femadu (8)_ORIGINAL-FACE.jpg,48_fem_adu,48,fem,adu,yes
20180907_id48_femadu (9)_ORIGINAL-FACE.jpg,MANDRILLS_BKB\48_fem_adu\20180907_id48_femadu (9)_ORIGINAL-FACE.jpg,48_fem_adu,48,fem,adu,yes
20120216_id4_malado (2)_ORIGINAL-FACE.jpg,MANDRILLS_BKB\4_mal_ado\20120216_id4_malado (2)_ORIGINAL-FACE.jpg,4_mal_ado,4,mal,ado,no
20120418_id4_malado (1)_ORIGINAL-FACE.jpg,MANDRILLS_BKB\4_mal_ado\20120418_id4_malado (1)_ORIGINAL-FACE.jpg,4_mal_ado,4,mal,ado,no
20120418_id4_malado (2)_ORIGINAL-FACE.jpg,MANDRILLS_BKB\4_mal_ado\20120418_id4_malado (2)_ORIGINAL-FACE.jpg,4_mal_ado,4,mal,ado,no
20120530_id4_malado (1)_ORIGINAL-FACE.jpg,MANDRILLS_BKB\4_mal_ado\20120530_id4_malado (1)_ORIGINAL-FACE.jpg,4_mal_ado,4,mal,ado,no
20120921_id4_malado (2)_ORIGINAL-FACE.jpg,MANDRILLS_BKB\4_mal_ado\20120921_id4_malado (2)_ORIGINAL-FACE.jpg,4_mal_ado,4,mal,ado,no
20140703_id51_maldo (1)_ORIGINAL-FACE.jpg,MANDRILLS_BKB\51_mal_ado\20140703_id51_maldo (1)_ORIGINAL-FACE.jpg,51_mal_ado,51,mal,ado,no
20120808_id52_maladu (5)_ORIGINAL-FACE.jpg,MANDRILLS_BKB\52_mal_adu\20120808_id52_maladu (5)_ORIGINAL-FACE.jpg,52_mal_adu,52,mal,adu,no
20120628_id53_maladu (1)_ORIGINAL-FACE.jpg,MANDRILLS_BKB\53_mal_adu\20120628_id53_maladu (1)_ORIGINAL-FACE.jpg,53_mal_adu,53,mal,adu,no
20120918_id53_maladu (1)_ORIGINAL-FACE.jpg,MANDRILLS_BKB\53_mal_adu\20120918_id53_maladu (1)_ORIGINAL-FACE.jpg,53_mal_adu,53,mal,adu,no
20121020_id53_maladu (3)_ORIGINAL-FACE.jpg,MANDRILLS_BKB\53_mal_adu\20121020_id53_maladu (3)_ORIGINAL-FACE.jpg,53_mal_adu,53,mal,adu,no
20140630_id53_maladu (2)_ORIGINAL-FACE.jpg,MANDRILLS_BKB\53_mal_adu\20140630_id53_maladu (2)_ORIGINAL-FACE.jpg,53_mal_adu,53,mal,adu,no
20120918_id54_maladu (3)_ORIGINAL-FACE.jpg,MANDRILLS_BKB\54_mal_adu\20120918_id54_maladu (3)_ORIGINAL-FACE.jpg,54_mal_adu,54,mal,adu,no
20140702_id54_maladu (1)_ORIGINAL-FACE.jpg,MANDRILLS_BKB\54_mal_adu\20140702_id54_maladu (1)_ORIGINAL-FACE.jpg,54_mal_adu,54,mal,adu,no
20140703_id55_maladu (1)_ORIGINAL-FACE.jpg,MANDRILLS_BKB\55_mal_adu\20140703_id55_maladu (1)_ORIGINAL-FACE.jpg,55_mal_adu,55,mal,adu,no
20120301_id56_femadu (54)_ORIGINAL-FACE.jpg,MANDRILLS_BKB\56_fem_adu\20120301_id56_femadu (54)_ORIGINAL-FACE.jpg,56_fem_adu,56,fem,adu,yes
20120922_id56_femadu (1)_ORIGINAL-FACE.jpg,MANDRILLS_BKB\56_fem_adu\20120922_id56_femadu (1)_ORIGINAL-FACE.jpg,56_fem_adu,56,fem,adu,yes
20140708_id56_femadu (4)_ORIGINAL-FACE.jpg,MANDRILLS_BKB\56_fem_adu\20140708_id56_femadu (4)_ORIGINAL-FACE.jpg,56_fem_adu,56,fem,adu,yes
20140824_id56_femadu (1)_ORIGINAL-FACE.jpg,MANDRILLS_BKB\56_fem_adu\20140824_id56_femadu (1)_ORIGINAL-FACE.jpg,56_fem_adu,56,fem,adu,yes
20170509_id56_femadu (26)_ORIGINAL-FACE.jpg,MANDRILLS_BKB\56_fem_adu\20170509_id56_femadu (26)_ORIGINAL-FACE.jpg,56_fem_adu,56,fem,adu,yes
20170512_id56_femadu (6)_ORIGINAL-FACE.jpg,MANDRILLS_BKB\56_fem_adu\20170512_id56_femadu (6)_ORIGINAL-FACE.jpg,56_fem_adu,56,fem,adu,yes
20180622_id56_femadu (1)_ORIGINAL-FACE.jpg,MANDRILLS_BKB\56_fem_adu\20180622_id56_femadu (1)_ORIGINAL-FACE.jpg,56_fem_adu,56,fem,adu,yes
20141201_id57_maladu (2)_ORIGINAL-FACE.jpg,MANDRILLS_BKB\57_mal_adu\20141201_id57_maladu (2)_ORIGINAL-FACE.jpg,57_mal_adu,57,mal,adu,no
20150517_id57_maladu (11)_ORIGINAL-FACE.jpg,MANDRILLS_BKB\57_mal_adu\20150517_id57_maladu (11)_ORIGINAL-FACE.jpg,57_mal_adu,57,mal,adu,no
20150713_id57_maladu (2)_ORIGINAL-FACE.jpg,MANDRILLS_BKB\57_mal_adu\20150713_id57_maladu (2)_ORIGINAL-FACE.jpg,57_mal_adu,57,mal,adu,no
20150810_id57_maladu (1)_ORIGINAL-FACE.jpg,MANDRILLS_BKB\57_mal_adu\20150810_id57_maladu (1)_ORIGINAL-FACE.jpg,57_mal_adu,57,mal,adu,no
20120409_id57_malsub (1)_ORIGINAL-FACE.jpg,MANDRILLS_BKB\57_mal_sub\20120409_id57_malsub (1)_ORIGINAL-FACE.jpg,57_mal_sub,57,mal,sub,no
20120530_id57_malsub (10)_ORIGINAL-FACE.jpg,MANDRILLS_BKB\57_mal_sub\20120530_id57_malsub (10)_ORIGINAL-FACE.jpg,57_mal_sub,57,mal,sub,no
20120530_id57_malsub (9)_ORIGINAL-FACE.jpg,MANDRILLS_BKB\57_mal_sub\20120530_id57_malsub (9)_ORIGINAL-FACE.jpg,57_mal_sub,57,mal,sub,no
20121216_id57_malsub_ORIGINAL-FACE.jpg,MANDRILLS_BKB\57_mal_sub\20121216_id57_malsub_ORIGINAL-FACE.jpg,57_mal_sub,57,mal,sub,no
20140630_id58_malsub (4)_ORIGINAL-FACE.jpg,MANDRILLS_BKB\58_mal_sub\20140630_id58_malsub (4)_ORIGINAL-FACE.jpg,58_mal_sub,58,mal,sub,no
20170509_id59_femadu (2)_ORIGINAL-FACE.jpg,MANDRILLS_BKB\59_fem_adu\20170509_id59_femadu (2)_ORIGINAL-FACE.jpg,59_fem_adu,59,fem,adu,yes
20170512_id59_femadu (20)_ORIGINAL-FACE.jpg,MANDRILLS_BKB\59_fem_adu\20170512_id59_femadu (20)_ORIGINAL-FACE.jpg,59_fem_adu,59,fem,adu,yes
20180705_id59_femadu (11)_ORIGINAL-FACE.jpg,MANDRILLS_BKB\59_fem_adu\20180705_id59_femadu (11)_ORIGINAL-FACE.jpg,59_fem_adu,59,fem,adu,yes
20180719_id59_femadu (5)_ORIGINAL-FACE.jpg,MANDRILLS_BKB\59_fem_adu\20180719_id59_femadu (5)_ORIGINAL-FACE.jpg,59_fem_adu,59,fem,adu,yes
20180726_id59_femadu (3)_ORIGINAL-FACE.jpg,MANDRILLS_BKB\59_fem_adu\20180726_id59_femadu (3)_ORIGINAL-FACE.jpg,59_fem_adu,59,fem,adu,yes
20181126_id59_femadu (29)_ORIGINAL-FACE.jpg,MANDRILLS_BKB\59_fem_adu\20181126_id59_femadu (29)_ORIGINAL-FACE.jpg,59_fem_adu,59,fem,adu,yes
20150503_id5_malado (8)_ORIGINAL-FACE.jpg,MANDRILLS_BKB\5_mal_ado\20150503_id5_malado (8)_ORIGINAL-FACE.jpg,5_mal_ado,5,mal,ado,no
20180723_id5_malsub (5)_ORIGINAL-FACE.jpg,MANDRILLS_BKB\5_mal_sub\20180723_id5_malsub (5)_ORIGINAL-FACE.jpg,5_mal_sub,5,mal,sub,no
20180727_id5_malsub (2)_ORIGINAL-FACE.jpg,MANDRILLS_BKB\5_mal_sub\20180727_id5_malsub (2)_ORIGINAL-FACE.jpg,5_mal_sub,5,mal,sub,no
20180730_id5_malsub (9)_ORIGINAL-FACE.jpg,MANDRILLS_BKB\5_mal_sub\20180730_id5_malsub (9)_ORIGINAL-FACE.jpg,5_mal_sub,5,mal,sub,no
20180409_id62_malado (17)_ORIGINAL-FACE.jpg,MANDRILLS_BKB\62_mal_ado\20180409_id62_malado (17)_ORIGINAL-FACE.jpg,62_mal_ado,62,mal,ado,no
20180614_id62_malado (1)_ORIGINAL-FACE.jpg,MANDRILLS_BKB\62_mal_ado\20180614_id62_malado (1)_ORIGINAL-FACE.jpg,62_mal_ado,62,mal,ado,no
20180621_id62_malado (4)_ORIGINAL-FACE.jpg,MANDRILLS_BKB\62_mal_ado\20180621_id62_malado (4)_ORIGINAL-FACE.jpg,62_mal_ado,62,mal,ado,no
20180705_id62_maladoCENTRE (10)_ORIGINAL-FACE.jpg,MANDRILLS_BKB\62_mal_ado\20180705_id62_maladoCENTRE (10)_ORIGINAL-FACE.jpg,62_mal_ado,62,mal,ado,no
20180717_id62_malado (4)_ORIGINAL-FACE.jpg,MANDRILLS_BKB\62_mal_ado\20180717_id62_malado (4)_ORIGINAL-FACE.jpg,62_mal_ado,62,mal,ado,no
20180730_id62_malado (9)_ORIGINAL-FACE.jpg,MANDRILLS_BKB\62_mal_ado\20180730_id62_malado (9)_ORIGINAL-FACE.jpg,62_mal_ado,62,mal,ado,no
20180801_id62_malado (2)_ORIGINAL-FACE.jpg,MANDRILLS_BKB\62_mal_ado\20180801_id62_malado (2)_ORIGINAL-FACE.jpg,62_mal_ado,62,mal,ado,no
20181221_id62 (3)_ORIGINAL-FACE.jpg,MANDRILLS_BKB\62_mal_ado\20181221_id62 (3)_ORIGINAL-FACE.jpg,62_mal_ado,62,mal,ado,no
20181231_id62_malado (6)_ORIGINAL-FACE.jpg,MANDRILLS_BKB\62_mal_ado\20181231_id62_malado (6)_ORIGINAL-FACE.jpg,62_mal_ado,62,mal,ado,no
unknown_id62_malado (1)_ORIGINAL-FACE.jpg,MANDRILLS_BKB\62_mal_ado\unknown_id62_malado (1)_ORIGINAL-FACE.jpg,62_mal_ado,62,mal,ado,no
20170509_id63_femadu (12)_ORIGINAL-FACE.jpg,MANDRILLS_BKB\63_fem_adu\20170509_id63_femadu (12)_ORIGINAL-FACE.jpg,63_fem_adu,63,fem,adu,yes
20170512_id63_femadu (2)_ORIGINAL-FACE.jpg,MANDRILLS_BKB\63_fem_adu\20170512_id63_femadu (2)_ORIGINAL-FACE.jpg,63_fem_adu,63,fem,adu,yes
20180727_id63_femadu (7)_ORIGINAL-FACE.jpg,MANDRILLS_BKB\63_fem_adu\20180727_id63_femadu (7)_ORIGINAL-FACE.jpg,63_fem_adu,63,fem,adu,yes
20180816_id63_femadu (6)_ORIGINAL-FACE.jpg,MANDRILLS_BKB\63_fem_adu\20180816_id63_femadu (6)_ORIGINAL-FACE.jpg,63_fem_adu,63,fem,adu,yes
20140630_id66_malado (3)_ORIGINAL-FACE.jpg,MANDRILLS_BKB\66_mal_ado\20140630_id66_malado (3)_ORIGINAL-FACE.jpg,66_mal_ado,66,mal,ado,no
20180731_id67_femaduDROITE (2)_ORIGINAL-FACE.jpg,MANDRILLS_BKB\67_fem_adu\20180731_id67_femaduDROITE (2)_ORIGINAL-FACE.jpg,67_fem_adu,67,fem,adu,yes
20180830_id67_femadu (21)_ORIGINAL-FACE.jpg,MANDRILLS_BKB\67_fem_adu\20180830_id67_femadu (21)_ORIGINAL-FACE.jpg,67_fem_adu,67,fem,adu,yes
20180907_id67_femadu (14)_ORIGINAL-FACE.jpg,MANDRILLS_BKB\67_fem_adu\20180907_id67_femadu (14)_ORIGINAL-FACE.jpg,67_fem_adu,67,fem,adu,yes
20140708_id6_femadu (2)_ORIGINAL-FACE.jpg,MANDRILLS_BKB\6_fem_adu\20140708_id6_femadu (2)_ORIGINAL-FACE.jpg,6_fem_adu,6,fem,adu,yes
20180726_id6_femadu (9)_ORIGINAL-FACE.jpg,MANDRILLS_BKB\6_fem_adu\20180726_id6_femadu (9)_ORIGINAL-FACE.jpg,6_fem_adu,6,fem,adu,yes
20190204_id6_femadu (1)_ORIGINAL-FACE.jpg,MANDRILLS_BKB\6_fem_adu\20190204_id6_femadu (1)_ORIGINAL-FACE.jpg,6_fem_adu,6,fem,adu,yes
20151214_id70_femadu (2)_ORIGINAL-FACE.jpg,MANDRILLS_BKB\70_fem_adu\20151214_id70_femadu (2)_ORIGINAL-FACE.jpg,70_fem_adu,70,fem,adu,yes
20180707_id70_femadu (2)_ORIGINAL-FACE.jpg,MANDRILLS_BKB\70_fem_adu\20180707_id70_femadu (2)_ORIGINAL-FACE.jpg,70_fem_adu,70,fem,adu,yes
20180711_id70_femadu (3)_ORIGINAL-FACE.jpg,MANDRILLS_BKB\70_fem_adu\20180711_id70_femadu (3)_ORIGINAL-FACE.jpg,70_fem_adu,70,fem,adu,yes
20180716_id70_femadu_ORIGINAL-FACE.jpg,MANDRILLS_BKB\70_fem_adu\20180716_id70_femadu_ORIGINAL-FACE.jpg,70_fem_adu,70,fem,adu,yes
20180724_id70_femadu (6)_ORIGINAL-FACE.jpg,MANDRILLS_BKB\70_fem_adu\20180724_id70_femadu (6)_ORIGINAL-FACE.jpg,70_fem_adu,70,fem,adu,yes
20181126_id70_femadu (1)_ORIGINAL-FACE.jpg,MANDRILLS_BKB\70_fem_adu\20181126_id70_femadu (1)_ORIGINAL-FACE.jpg,70_fem_adu,70,fem,adu,yes
20140703_id71_femadu (2)_ORIGINAL-FACE.jpg,MANDRILLS_BKB\71_fem_adu\20140703_id71_femadu (2)_ORIGINAL-FACE.jpg,71_fem_adu,71,fem,adu,yes
20151208_id71_femadu (2)_ORIGINAL-FACE.jpg,MANDRILLS_BKB\71_fem_adu\20151208_id71_femadu (2)_ORIGINAL-FACE.jpg,71_fem_adu,71,fem,adu,yes
20170509_id71_femadu (5)_ORIGINAL-FACE.jpg,MANDRILLS_BKB\71_fem_adu\20170509_id71_femadu (5)_ORIGINAL-FACE.jpg,71_fem_adu,71,fem,adu,yes
20170512_id71_femadu (23)_ORIGINAL-FACE.jpg,MANDRILLS_BKB\71_fem_adu\20170512_id71_femadu (23)_ORIGINAL-FACE.jpg,71_fem_adu,71,fem,adu,yes
20180719_id71_femadu (17)_ORIGINAL-FACE.jpg,MANDRILLS_BKB\71_fem_adu\20180719_id71_femadu (17)_ORIGINAL-FACE.jpg,71_fem_adu,71,fem,adu,yes
20140708_id73_femadu (3)_ORIGINAL-FACE.jpg,MANDRILLS_BKB\73_fem_adu\20140708_id73_femadu (3)_ORIGINAL-FACE.jpg,73_fem_adu,73,fem,adu,yes
20180726_id73_femaduDROITE (23)_ORIGINAL-FACE.jpg,MANDRILLS_BKB\73_fem_adu\20180726_id73_femaduDROITE (23)_ORIGINAL-FACE.jpg,73_fem_adu,73,fem,adu,yes
20180730_id73_femadu (5)_ORIGINAL-FACE.jpg,MANDRILLS_BKB\73_fem_adu\20180730_id73_femadu (5)_ORIGINAL-FACE.jpg,73_fem_adu,73,fem,adu,yes
20140630_id74_maladu (2)_ORIGINAL-FACE.jpg,MANDRILLS_BKB\74_mal_adu\20140630_id74_maladu (2)_ORIGINAL-FACE.jpg,74_mal_adu,74,mal,adu,no
20140824_id74_maladu (3)_ORIGINAL-FACE.jpg,MANDRILLS_BKB\74_mal_adu\20140824_id74_maladu (3)_ORIGINAL-FACE.jpg,74_mal_adu,74,mal,adu,no
20150711_id74_maladu_ORIGINAL-FACE.jpg,MANDRILLS_BKB\74_mal_adu\20150711_id74_maladu_ORIGINAL-FACE.jpg,74_mal_adu,74,mal,adu,no
20150716_id74_maladu (3)_ORIGINAL-FACE.jpg,MANDRILLS_BKB\74_mal_adu\20150716_id74_maladu (3)_ORIGINAL-FACE.jpg,74_mal_adu,74,mal,adu,no
20140630_id75_malsub (2)_ORIGINAL-FACE.jpg,MANDRILLS_BKB\75_mal_sub\20140630_id75_malsub (2)_ORIGINAL-FACE.jpg,75_mal_sub,75,mal,sub,no
20140824_id75_malsub (5)_ORIGINAL-FACE.jpg,MANDRILLS_BKB\75_mal_sub\20140824_id75_malsub (5)_ORIGINAL-FACE.jpg,75_mal_sub,75,mal,sub,no
20151116_id75_malsub (1)_ORIGINAL-FACE.jpg,MANDRILLS_BKB\75_mal_sub\20151116_id75_malsub (1)_ORIGINAL-FACE.jpg,75_mal_sub,75,mal,sub,no
20151212_id75_malsub (4)_ORIGINAL-FACE.jpg,MANDRILLS_BKB\75_mal_sub\20151212_id75_malsub (4)_ORIGINAL-FACE.jpg,75_mal_sub,75,mal,sub,no
20140701_id76_femadu (3)_ORIGINAL-FACE.jpg,MANDRILLS_BKB\76_fem_adu\20140701_id76_femadu (3)_ORIGINAL-FACE.jpg,76_fem_adu,76,fem,adu,yes
20180716_id76_femadu (10)_ORIGINAL-FACE.jpg,MANDRILLS_BKB\76_fem_adu\20180716_id76_femadu (10)_ORIGINAL-FACE.jpg,76_fem_adu,76,fem,adu,yes
20180718_id76_femadu (7)_ORIGINAL-FACE.jpg,MANDRILLS_BKB\76_fem_adu\20180718_id76_femadu (7)_ORIGINAL-FACE.jpg,76_fem_adu,76,fem,adu,yes
20180730_id76_femadu (11)_ORIGINAL-FACE.jpg,MANDRILLS_BKB\76_fem_adu\20180730_id76_femadu (11)_ORIGINAL-FACE.jpg,76_fem_adu,76,fem,adu,yes
20190210_id76_femadu (7)_ORIGINAL-FACE.jpg,MANDRILLS_BKB\76_fem_adu\20190210_id76_femadu (7)_ORIGINAL-FACE.jpg,76_fem_adu,76,fem,adu,yes
20120403_id7_femadu (24)_ORIGINAL-FACE.jpg,MANDRILLS_BKB\7_fem_adu\20120403_id7_femadu (24)_ORIGINAL-FACE.jpg,7_fem_adu,7,fem,adu,yes
20120403_id7_femadu (5)_ORIGINAL-FACE.jpg,MANDRILLS_BKB\7_fem_adu\20120403_id7_femadu (5)_ORIGINAL-FACE.jpg,7_fem_adu,7,fem,adu,yes
20120420_id7_femadu (2)_ORIGINAL-FACE.jpg,MANDRILLS_BKB\7_fem_adu\20120420_id7_femadu (2)_ORIGINAL-FACE.jpg,7_fem_adu,7,fem,adu,yes
20120502_id7_femadu (7)_ORIGINAL-FACE.jpg,MANDRILLS_BKB\7_fem_adu\20120502_id7_femadu (7)_ORIGINAL-FACE.jpg,7_fem_adu,7,fem,adu,yes
20120507_id7_femadu_ORIGINAL-FACE.jpg,MANDRILLS_BKB\7_fem_adu\20120507_id7_femadu_ORIGINAL-FACE.jpg,7_fem_adu,7,fem,adu,yes
20120530_id7_femadu_ORIGINAL-FACE.jpg,MANDRILLS_BKB\7_fem_adu\20120530_id7_femadu_ORIGINAL-FACE.jpg,7_fem_adu,7,fem,adu,yes
20120607_id7_femadu (2)_ORIGINAL-FACE.jpg,MANDRILLS_BKB\7_fem_adu\20120607_id7_femadu (2)_ORIGINAL-FACE.jpg,7_fem_adu,7,fem,adu,yes
20120917_id7_femadu_ORIGINAL-FACE.jpg,MANDRILLS_BKB\7_fem_adu\20120917_id7_femadu_ORIGINAL-FACE.jpg,7_fem_adu,7,fem,adu,yes
20120924_id7_femadu (2)_ORIGINAL-FACE.jpg,MANDRILLS_BKB\7_fem_adu\20120924_id7_femadu (2)_ORIGINAL-FACE.jpg,7_fem_adu,7,fem,adu,yes
20140701_id80_femadu (1)_ORIGINAL-FACE.jpg,MANDRILLS_BKB\80_fem_adu\20140701_id80_femadu (1)_ORIGINAL-FACE.jpg,80_fem_adu,80,fem,adu,yes
20170424_id80_femadu (3)_ORIGINAL-FACE.jpg,MANDRILLS_BKB\80_fem_adu\20170424_id80_femadu (3)_ORIGINAL-FACE.jpg,80_fem_adu,80,fem,adu,yes
20180726_id80_femadu (32)_ORIGINAL-FACE.jpg,MANDRILLS_BKB\80_fem_adu\20180726_id80_femadu (32)_ORIGINAL-FACE.jpg,80_fem_adu,80,fem,adu,yes
20190112_id80_femadu (15)_ORIGINAL-FACE.jpg,MANDRILLS_BKB\80_fem_adu\20190112_id80_femadu (15)_ORIGINAL-FACE.jpg,80_fem_adu,80,fem,adu,yes
20120921_id81_femadu (2)_ORIGINAL-FACE.jpg,MANDRILLS_BKB\81_fem_adu\20120921_id81_femadu (2)_ORIGINAL-FACE.jpg,81_fem_adu,81,fem,adu,yes
20140706_id81_femadu (3)_ORIGINAL-FACE.jpg,MANDRILLS_BKB\81_fem_adu\20140706_id81_femadu (3)_ORIGINAL-FACE.jpg,81_fem_adu,81,fem,adu,yes
20180726_id81_femadu (22)_ORIGINAL-FACE.jpg,MANDRILLS_BKB\81_fem_adu\20180726_id81_femadu (22)_ORIGINAL-FACE.jpg,81_fem_adu,81,fem,adu,yes
20180823_id81_femadu (54)_ORIGINAL-FACE.jpg,MANDRILLS_BKB\81_fem_adu\20180823_id81_femadu (54)_ORIGINAL-FACE.jpg,81_fem_adu,81,fem,adu,yes
20181126_id81_femadu (3)_ORIGINAL-FACE.jpg,MANDRILLS_BKB\81_fem_adu\20181126_id81_femadu (3)_ORIGINAL-FACE.jpg,81_fem_adu,81,fem,adu,yes
20140630_id85_maladu (3)_ORIGINAL-FACE.jpg,MANDRILLS_BKB\85_mal_adu\20140630_id85_maladu (3)_ORIGINAL-FACE.jpg,85_mal_adu,85,mal,adu,no
20140824_id85_maladu (12)_ORIGINAL-FACE.jpg,MANDRILLS_BKB\85_mal_adu\20140824_id85_maladu (12)_ORIGINAL-FACE.jpg,85_mal_adu,85,mal,adu,no
20180403_id85_maladu (12)_ORIGINAL-FACE.jpg,MANDRILLS_BKB\85_mal_adu\20180403_id85_maladu (12)_ORIGINAL-FACE.jpg,85_mal_adu,85,mal,adu,no
20180611_id85_maladu (10)_ORIGINAL-FACE.jpg,MANDRILLS_BKB\85_mal_adu\20180611_id85_maladu (10)_ORIGINAL-FACE.jpg,85_mal_adu,85,mal,adu,no
20180613_id85_maladu (7)_ORIGINAL-FACE.jpg,MANDRILLS_BKB\85_mal_adu\20180613_id85_maladu (7)_ORIGINAL-FACE.jpg,85_mal_adu,85,mal,adu,no
20180726_id85_maladu (15)_ORIGINAL-FACE.jpg,MANDRILLS_BKB\85_mal_adu\20180726_id85_maladu (15)_ORIGINAL-FACE.jpg,85_mal_adu,85,mal,adu,no
20180807_id85_maladu_ORIGINAL-FACE.jpg,MANDRILLS_BKB\85_mal_adu\20180807_id85_maladu_ORIGINAL-FACE.jpg,85_mal_adu,85,mal,adu,no
20180811_id85_maladu (6)_ORIGINAL-FACE.jpg,MANDRILLS_BKB\85_mal_adu\20180811_id85_maladu (6)_ORIGINAL-FACE.jpg,85_mal_adu,85,mal,adu,no
20181212_id85 (12)_ORIGINAL-FACE.jpg,MANDRILLS_BKB\85_mal_adu\20181212_id85 (12)_ORIGINAL-FACE.jpg,85_mal_adu,85,mal,adu,no
20180613_id86_malado (2)_ORIGINAL-FACE.jpg,MANDRILLS_BKB\86_mal_ado\20180613_id86_malado (2)_ORIGINAL-FACE.jpg,86_mal_ado,86,mal,ado,no
20180616_id86_malado (18)_ORIGINAL-FACE.jpg,MANDRILLS_BKB\86_mal_ado\20180616_id86_malado (18)_ORIGINAL-FACE.jpg,86_mal_ado,86,mal,ado,no
20180627_id86_malado (7)_ORIGINAL-FACE.jpg,MANDRILLS_BKB\86_mal_ado\20180627_id86_malado (7)_ORIGINAL-FACE.jpg,86_mal_ado,86,mal,ado,no
20181124_id86_malado (4)_ORIGINAL-FACE.jpg,MANDRILLS_BKB\86_mal_ado\20181124_id86_malado (4)_ORIGINAL-FACE.jpg,86_mal_ado,86,mal,ado,no
20181206_id86_malado (6)_ORIGINAL-FACE.jpg,MANDRILLS_BKB\86_mal_ado\20181206_id86_malado (6)_ORIGINAL-FACE.jpg,86_mal_ado,86,mal,ado,no
20190120_id86_malado (14)_ORIGINAL-FACE.jpg,MANDRILLS_BKB\86_mal_ado\20190120_id86_malado (14)_ORIGINAL-FACE.jpg,86_mal_ado,86,mal,ado,no
20190212_id86_malado (2)_ORIGINAL-FACE.jpg,MANDRILLS_BKB\86_mal_ado\20190212_id86_malado (2)_ORIGINAL-FACE.jpg,86_mal_ado,86,mal,ado,no
20190311_id86_malado_ORIGINAL-FACE.jpg,MANDRILLS_BKB\86_mal_ado\20190311_id86_malado_ORIGINAL-FACE.jpg,86_mal_ado,86,mal,ado,no
20180616_id87_malado (14)_ORIGINAL-FACE.jpg,MANDRILLS_BKB\87_mal_ado\20180616_id87_malado (14)_ORIGINAL-FACE.jpg,87_mal_ado,87,mal,ado,no
20180621_id87_malado (2)_ORIGINAL-FACE.jpg,MANDRILLS_BKB\87_mal_ado\20180621_id87_malado (2)_ORIGINAL-FACE.jpg,87_mal_ado,87,mal,ado,no
unknown_id87_malado (1)_ORIGINAL 2-FACE.jpg,MANDRILLS_BKB\87_mal_ado\unknown_id87_malado (1)_ORIGINAL 2-FACE.jpg,87_mal_ado,87,mal,ado,no
20180612_id88_malado (1)_ORIGINAL-FACE.jpg,MANDRILLS_BKB\88_mal_ado\20180612_id88_malado (1)_ORIGINAL-FACE.jpg,88_mal_ado,88,mal,ado,no
20180616_id88_malado (21)_ORIGINAL-FACE.jpg,MANDRILLS_BKB\88_mal_ado\20180616_id88_malado (21)_ORIGINAL-FACE.jpg,88_mal_ado,88,mal,ado,no
20180621_id88_malado_ORIGINAL-FACE.jpg,MANDRILLS_BKB\88_mal_ado\20180621_id88_malado_ORIGINAL-FACE.jpg,88_mal_ado,88,mal,ado,no
20180629_id88_malado (1)_ORIGINAL-FACE.jpg,MANDRILLS_BKB\88_mal_ado\20180629_id88_malado (1)_ORIGINAL-FACE.jpg,88_mal_ado,88,mal,ado,no
20180711_id88_malado (10)_ORIGINAL-FACE.jpg,MANDRILLS_BKB\88_mal_ado\20180711_id88_malado (10)_ORIGINAL-FACE.jpg,88_mal_ado,88,mal,ado,no
20190204_id88_malado (39)_ORIGINAL-FACE.jpg,MANDRILLS_BKB\88_mal_ado\20190204_id88_malado (39)_ORIGINAL-FACE.jpg,88_mal_ado,88,mal,ado,no
20190210_id88_malado (2)_ORIGINAL-FACE.jpg,MANDRILLS_BKB\88_mal_ado\20190210_id88_malado (2)_ORIGINAL-FACE.jpg,88_mal_ado,88,mal,ado,no
20190212_id88_malado (39)_ORIGINAL-FACE.jpg,MANDRILLS_BKB\88_mal_ado\20190212_id88_malado (39)_ORIGINAL-FACE.jpg,88_mal_ado,88,mal,ado,no
20180705_id89_malado (2)_ORIGINAL-FACE.jpg,MANDRILLS_BKB\89_mal_ado\20180705_id89_malado (2)_ORIGINAL-FACE.jpg,89_mal_ado,89,mal,ado,no
20181212_id89_malado (6)_ORIGINAL-FACE.jpg,MANDRILLS_BKB\89_mal_ado\20181212_id89_malado (6)_ORIGINAL-FACE.jpg,89_mal_ado,89,mal,ado,no
20190112_id89_malado (2)_ORIGINAL-FACE.jpg,MANDRILLS_BKB\89_mal_ado\20190112_id89_malado (2)_ORIGINAL-FACE.jpg,89_mal_ado,89,mal,ado,no
20190207_id89_malado (6)_ORIGINAL-FACE.jpg,MANDRILLS_BKB\89_mal_ado\20190207_id89_malado (6)_ORIGINAL-FACE.jpg,89_mal_ado,89,mal,ado,no
20120216_id8_malado_ORIGINAL-FACE.jpg,MANDRILLS_BKB\8_mal_ado\20120216_id8_malado_ORIGINAL-FACE.jpg,8_mal_ado,8,mal,ado,no
20120425_id8_malado (1)_ORIGINAL-FACE.jpg,MANDRILLS_BKB\8_mal_ado\20120425_id8_malado (1)_ORIGINAL-FACE.jpg,8_mal_ado,8,mal,ado,no
20120514_id8_malado (1)_ORIGINAL-FACE.jpg,MANDRILLS_BKB\8_mal_ado\20120514_id8_malado (1)_ORIGINAL-FACE.jpg,8_mal_ado,8,mal,ado,no
20180716_id90_femadu (6)_ORIGINAL-FACE.jpg,MANDRILLS_BKB\90_fem_adu\20180716_id90_femadu (6)_ORIGINAL-FACE.jpg,90_fem_adu,90,fem,adu,yes
20180730_id90_femadu (5)_ORIGINAL-FACE.jpg,MANDRILLS_BKB\90_fem_adu\20180730_id90_femadu (5)_ORIGINAL-FACE.jpg,90_fem_adu,90,fem,adu,yes
20181126_id90_femadu (6)_ORIGINAL-FACE.jpg,MANDRILLS_BKB\90_fem_adu\20181126_id90_femadu (6)_ORIGINAL-FACE.jpg,90_fem_adu,90,fem,adu,yes
20181212_id90_femadu (3)_ORIGINAL-FACE.jpg,MANDRILLS_BKB\90_fem_adu\20181212_id90_femadu (3)_ORIGINAL-FACE.jpg,90_fem_adu,90,fem,adu,yes
20180621_id916_femadu (7)_ORIGINAL-FACE.jpg,MANDRILLS_BKB\916_fem_adu\20180621_id916_femadu (7)_ORIGINAL-FACE.jpg,916_fem_adu,916,fem,adu,yes
20180711_id916_femadu (2)_ORIGINAL-FACE.jpg,MANDRILLS_BKB\916_fem_adu\20180711_id916_femadu (2)_ORIGINAL-FACE.jpg,916_fem_adu,916,fem,adu,yes
20180718_id916_femadu (4)_ORIGINAL-FACE.jpg,MANDRILLS_BKB\916_fem_adu\20180718_id916_femadu (4)_ORIGINAL-FACE.jpg,916_fem_adu,916,fem,adu,yes
20190112_id916_femadu_HAUT (5)_ORIGINAL-FACE.jpg,MANDRILLS_BKB\916_fem_adu\20190112_id916_femadu_HAUT (5)_ORIGINAL-FACE.jpg,916_fem_adu,916,fem,adu,yes
20190120_id916_femadu_DROITE (21)_ORIGINAL-FACE.jpg,MANDRILLS_BKB\916_fem_adu\20190120_id916_femadu_DROITE (21)_ORIGINAL-FACE.jpg,916_fem_adu,916,fem,adu,yes
20190305_id916_femadu_DROITE (16)_ORIGINAL-FACE.jpg,MANDRILLS_BKB\916_fem_adu\20190305_id916_femadu_DROITE (16)_ORIGINAL-FACE.jpg,916_fem_adu,916,fem,adu,yes
20180726_id91_malado (4)_ORIGINAL-FACE.jpg,MANDRILLS_BKB\91_mal_ado\20180726_id91_malado (4)_ORIGINAL-FACE.jpg,91_mal_ado,91,mal,ado,no
20180830_id91_malado (3)_ORIGINAL-FACE.jpg,MANDRILLS_BKB\91_mal_ado\20180830_id91_malado (3)_ORIGINAL-FACE.jpg,91_mal_ado,91,mal,ado,no
20181206_id91_malado (12)_ORIGINAL-FACE.jpg,MANDRILLS_BKB\91_mal_ado\20181206_id91_malado (12)_ORIGINAL-FACE.jpg,91_mal_ado,91,mal,ado,no
20181212_id91_malado (2)_ORIGINAL-FACE.jpg,MANDRILLS_BKB\91_mal_ado\20181212_id91_malado (2)_ORIGINAL-FACE.jpg,91_mal_ado,91,mal,ado,no
20190305_id91_malado (1)_ORIGINAL-FACE.jpg,MANDRILLS_BKB\91_mal_ado\20190305_id91_malado (1)_ORIGINAL-FACE.jpg,91_mal_ado,91,mal,ado,no
20190204_id939_malado (38)_ORIGINAL-FACE.jpg,MANDRILLS_BKB\939_mal_ado\20190204_id939_malado (38)_ORIGINAL-FACE.jpg,939_mal_ado,939,mal,ado,no
20180409_id93_femadu (2)_ORIGINAL-FACE.jpg,MANDRILLS_BKB\93_fem_adu\20180409_id93_femadu (2)_ORIGINAL-FACE.jpg,93_fem_adu,93,fem,adu,yes
20180716_id93_femadu (3)_ORIGINAL-FACE.jpg,MANDRILLS_BKB\93_fem_adu\20180716_id93_femadu (3)_ORIGINAL-FACE.jpg,93_fem_adu,93,fem,adu,yes
20180731_id93_femadu (1)_ORIGINAL-FACE.jpg,MANDRILLS_BKB\93_fem_adu\20180731_id93_femadu (1)_ORIGINAL-FACE.jpg,93_fem_adu,93,fem,adu,yes
20180403_id94_femadu (1)_ORIGINAL-FACE.jpg,MANDRILLS_BKB\94_fem_adu\20180403_id94_femadu (1)_ORIGINAL-FACE.jpg,94_fem_adu,94,fem,adu,yes
20180813_id94_femadu (8)_ORIGINAL-FACE.jpg,MANDRILLS_BKB\94_fem_adu\20180813_id94_femadu (8)_ORIGINAL-FACE.jpg,94_fem_adu,94,fem,adu,yes
20180925_id94_femaduDROITE (8)_ORIGINAL-FACE.jpg,MANDRILLS_BKB\94_fem_adu\20180925_id94_femaduDROITE (8)_ORIGINAL-FACE.jpg,94_fem_adu,94,fem,adu,yes
26062018_id94_femadu (8)_ORIGINAL-FACE.jpg,MANDRILLS_BKB\94_fem_adu\26062018_id94_femadu (8)_ORIGINAL-FACE.jpg,94_fem_adu,94,fem,adu,yes
20140709_id9_malado (1)_ORIGINAL-FACE.jpg,MANDRILLS_BKB\9_mal_ado\20140709_id9_malado (1)_ORIGINAL-FACE.jpg,9_mal_ado,9,mal,ado,no
20180825_id10A6A_malado (33)_ORIGINAL-FACE.jpg,MANDRILLS_CIRMF\10A6A_mal_ado\20180825_id10A6A_malado (33)_ORIGINAL-FACE.jpg,10A6A_mal_ado,10A6A,mal,ado,no
20180825_id10A6A_malado (6)_ORIGINAL-FACE.jpg,MANDRILLS_CIRMF\10A6A_mal_ado\20180825_id10A6A_malado (6)_ORIGINAL-FACE.jpg,10A6A_mal_ado,10A6A,mal,ado,no
20180809_id10F10_femadu (10)_ORIGINAL-FACE.jpg,MANDRILLS_CIRMF\10F10_fem_adu\20180809_id10F10_femadu (10)_ORIGINAL-FACE.jpg,10F10_fem_adu,10F10,fem,adu,no
20180825_id10F10_femadu (15)_ORIGINAL-FACE.jpg,MANDRILLS_CIRMF\10F10_fem_adu\20180825_id10F10_femadu (15)_ORIGINAL-FACE.jpg,10F10_fem_adu,10F10,fem,adu,no
20180825_id12A5_femadu (15)_ORIGINAL-FACE.jpg,MANDRILLS_CIRMF\12A5_fem_adu\20180825_id12A5_femadu (15)_ORIGINAL-FACE.jpg,12A5_fem_adu,12A5,fem,adu,no
20180825_id12D4B_femadu (6)_ORIGINAL-FACE.jpg,MANDRILLS_CIRMF\12D4B_fem_adu\20180825_id12D4B_femadu (6)_ORIGINAL-FACE.jpg,12D4B_fem_adu,12D4B,fem,adu,no
20180825_id12D4B_femadu (88)_ORIGINAL-FACE.jpg,MANDRILLS_CIRMF\12D4B_fem_adu\20180825_id12D4B_femadu (88)_ORIGINAL-FACE.jpg,12D4B_fem_adu,12D4B,fem,adu,no
20180825_id12M2_maladu (41)_ORIGINAL-FACE.jpg,MANDRILLS_CIRMF\12M2 pb de developpement avec ce male_mal_adu\20180825_id12M2_maladu (41)_ORIGINAL-FACE.jpg,12M2 pb de developpement avec ce male_mal_adu,12M2 pb de developpement avec ce male,mal,adu,no
20180802_id12R_maladu (10)_ORIGINAL-FACE.jpg,MANDRILLS_CIRMF\12R_mal_adu\20180802_id12R_maladu (10)_ORIGINAL-FACE.jpg,12R_mal_adu,12R,mal,adu,no
20180825_id12R_maladu (23)_ORIGINAL-FACE.jpg,MANDRILLS_CIRMF\12R_mal_adu\20180825_id12R_maladu (23)_ORIGINAL-FACE.jpg,12R_mal_adu,12R,mal,adu,no
20180825_id16G1_femadu (22)_ORIGINAL-FACE.jpg,MANDRILLS_CIRMF\16G1_fem_adu\20180825_id16G1_femadu (22)_ORIGINAL-FACE.jpg,16G1_fem_adu,16G1,fem,adu,no
20180809_id16G2C_malado (5)_ORIGINAL-FACE.jpg,MANDRILLS_CIRMF\16G2C_mal_ado\20180809_id16G2C_malado (5)_ORIGINAL-FACE.jpg,16G2C_mal_ado,16G2C,mal,ado,no
20180809_id16G_femadu (12)_ORIGINAL-FACE.jpg,MANDRILLS_CIRMF\16G_fem_adu\20180809_id16G_femadu (12)_ORIGINAL-FACE.jpg,16G_fem_adu,16G,fem,adu,no
20180825_id16i_maladu (4)_ORIGINAL-FACE.jpg,MANDRILLS_CIRMF\16i_mal_adu\20180825_id16i_maladu (4)_ORIGINAL-FACE.jpg,16i_mal_adu,16i,mal,adu,no
20180802_id17A10_maladu (5)_ORIGINAL-FACE.jpg,MANDRILLS_CIRMF\17A10_mal_adu\20180802_id17A10_maladu (5)_ORIGINAL-FACE.jpg,17A10_mal_adu,17A10,mal,adu,no
20180806_id17A10_maladu (2)_ORIGINAL-FACE.jpg,MANDRILLS_CIRMF\17A10_mal_adu\20180806_id17A10_maladu (2)_ORIGINAL-FACE.jpg,17A10_mal_adu,17A10,mal,adu,no
20180825_id17A10_maladu (2)_ORIGINAL-FACE.jpg,MANDRILLS_CIRMF\17A10_mal_adu\20180825_id17A10_maladu (2)_ORIGINAL-FACE.jpg,17A10_mal_adu,17A10,mal,adu,no
20180809_id17A6_maladu (2)_ORIGINAL-FACE.jpg,MANDRILLS_CIRMF\17A6_mal_adu\20180809_id17A6_maladu (2)_ORIGINAL-FACE.jpg,17A6_mal_adu,17A6,mal,adu,no
20180825_id17A6_maladu (58)_ORIGINAL-FACE.jpg,MANDRILLS_CIRMF\17A6_mal_adu\20180825_id17A6_maladu (58)_ORIGINAL-FACE.jpg,17A6_mal_adu,17A6,mal,adu,no
20180802_id17B2A3_malado (2)_ORIGINAL-FACE.jpg,MANDRILLS_CIRMF\17B2A3_mal_ado\20180802_id17B2A3_malado (2)_ORIGINAL-FACE.jpg,17B2A3_mal_ado,17B2A3,mal,ado,no
20180825_id17B2B2_femadu (20)_ORIGINAL-FACE.jpg,MANDRILLS_CIRMF\17B2B2_fem_adu\20180825_id17B2B2_femadu (20)_ORIGINAL-FACE.jpg,17B2B2_fem_adu,17B2B2,fem,adu,no
20180825_id17B4A_femadu (31)_ORIGINAL-FACE.jpg,MANDRILLS_CIRMF\17B4A_fem_adu\20180825_id17B4A_femadu (31)_ORIGINAL-FACE.jpg,17B4A_fem_adu,17B4A,fem,adu,no
20180825_id17B4C_femadu (16)_ORIGINAL-FACE.jpg,MANDRILLS_CIRMF\17B4C_fem_adu\20180825_id17B4C_femadu (16)_ORIGINAL-FACE.jpg,17B4C_fem_adu,17B4C,fem,adu,no
20180802_id17B7B_malsub (7)_ORIGINAL-FACE.jpg,MANDRILLS_CIRMF\17B7B_mal_sub\20180802_id17B7B_malsub (7)_ORIGINAL-FACE.jpg,17B7B_mal_sub,17B7B,mal,sub,no
20180806_id17B7B_malsub (15)_ORIGINAL-FACE.jpg,MANDRILLS_CIRMF\17B7B_mal_sub\20180806_id17B7B_malsub (15)_ORIGINAL-FACE.jpg,17B7B_mal_sub,17B7B,mal,sub,no
20180804_id17B8A_maladu (2)_ORIGINAL-FACE.jpg,MANDRILLS_CIRMF\17B8A_mal_adu\20180804_id17B8A_maladu (2)_ORIGINAL-FACE.jpg,17B8A_mal_adu,17B8A,mal,adu,no
20180825_id17B8D_malado (2)_ORIGINAL-FACE.jpg,MANDRILLS_CIRMF\17B8D_mal_ado\20180825_id17B8D_malado (2)_ORIGINAL-FACE.jpg,17B8D_mal_ado,17B8D,mal,ado,no
20180804_id17B8_femadu (2)_ORIGINAL-FACE.jpg,MANDRILLS_CIRMF\17B8_fem_adu\20180804_id17B8_femadu (2)_ORIGINAL-FACE.jpg,17B8_fem_adu,17B8,fem,adu,no
20180809_id17B8_femadu (10)_ORIGINAL-FACE.jpg,MANDRILLS_CIRMF\17B8_fem_adu\20180809_id17B8_femadu (10)_ORIGINAL-FACE.jpg,17B8_fem_adu,17B8,fem,adu,no
20180825_id17B8_femadu (13)_ORIGINAL-FACE.jpg,MANDRILLS_CIRMF\17B8_fem_adu\20180825_id17B8_femadu (13)_ORIGINAL-FACE.jpg,17B8_fem_adu,17B8,fem,adu,no
20180825_id17B8_femadu (35)_ORIGINAL-FACE.jpg,MANDRILLS_CIRMF\17B8_fem_adu\20180825_id17B8_femadu (35)_ORIGINAL-FACE.jpg,17B8_fem_adu,17B8,fem,adu,no
20180802_id17B9E_malado (10)_ORIGINAL-FACE.jpg,MANDRILLS_CIRMF\17B9E_mal_ado\20180802_id17B9E_malado (10)_ORIGINAL-FACE.jpg,17B9E_mal_ado,17B9E,mal,ado,no
20180806_id17B9E_malado (2)_ORIGINAL-FACE.jpg,MANDRILLS_CIRMF\17B9E_mal_ado\20180806_id17B9E_malado (2)_ORIGINAL-FACE.jpg,17B9E_mal_ado,17B9E,mal,ado,no
20180825_id17B9E_malado (7)_ORIGINAL-FACE.jpg,MANDRILLS_CIRMF\17B9E_mal_ado\20180825_id17B9E_malado (7)_ORIGINAL-FACE.jpg,17B9E_mal_ado,17B9E,mal,ado,no
20180806_id17B9_femadu (1)_ORIGINAL-FACE.jpg,MANDRILLS_CIRMF\17B9_fem_adu\20180806_id17B9_femadu (1)_ORIGINAL-FACE.jpg,17B9_fem_adu,17B9,fem,adu,no
20180808_id17B9_femadu (7)_ORIGINAL-FACE.jpg,MANDRILLS_CIRMF\17B9_fem_adu\20180808_id17B9_femadu (7)_ORIGINAL-FACE.jpg,17B9_fem_adu,17B9,fem,adu,no
20180808_id17D6_maladu (5)_ORIGINAL-FACE.jpg,MANDRILLS_CIRMF\17D6_mal_adu\20180808_id17D6_maladu (5)_ORIGINAL-FACE.jpg,17D6_mal_adu,17D6,mal,adu,no
20180825_id17D6_maladu (10)_ORIGINAL-FACE.jpg,MANDRILLS_CIRMF\17D6_mal_adu\20180825_id17D6_maladu (10)_ORIGINAL-FACE.jpg,17D6_mal_adu,17D6,mal,adu,no
20180806_id17D7_maladu (2)_ORIGINAL-FACE.jpg,MANDRILLS_CIRMF\17D7_mal_adu\20180806_id17D7_maladu (2)_ORIGINAL-FACE.jpg,17D7_mal_adu,17D7,mal,adu,no
20180806_id17E4_malado (5)_ORIGINAL-FACE.jpg,MANDRILLS_CIRMF\17E4_mal_ado\20180806_id17E4_malado (5)_ORIGINAL-FACE.jpg,17E4_mal_ado,1.70E+05,mal,ado,no
20180808_id17F4_femadu (1)_ORIGINAL-FACE.jpg,MANDRILLS_CIRMF\17F4_fem_adu\20180808_id17F4_femadu (1)_ORIGINAL-FACE.jpg,17F4_fem_adu,17F4,fem,adu,no
20180825_id17F4_femadu (10)_ORIGINAL-FACE.jpg,MANDRILLS_CIRMF\17F4_fem_adu\20180825_id17F4_femadu (10)_ORIGINAL-FACE.jpg,17F4_fem_adu,17F4,fem,adu,no
20180825_id17F_femadu (15)_ORIGINAL-FACE.jpg,MANDRILLS_CIRMF\17F_fem_adu\20180825_id17F_femadu (15)_ORIGINAL-FACE.jpg,17F_fem_adu,17F,fem,adu,no
20180808_id2D11_maladu (1)_ORIGINAL-FACE.jpg,MANDRILLS_CIRMF\2D11_mal_adu\20180808_id2D11_maladu (1)_ORIGINAL-FACE.jpg,2D11_mal_adu,2D11,mal,adu,no
20180908_id2D11_maladu (3)_ORIGINAL-FACE.jpg,MANDRILLS_CIRMF\2D11_mal_adu\20180908_id2D11_maladu (3)_ORIGINAL-FACE.jpg,2D11_mal_adu,2D11,mal,adu,no
20180825_id2D4E1_femadu (102)_ORIGINAL-FACE.jpg,MANDRILLS_CIRMF\2D4E1_fem_adu\20180825_id2D4E1_femadu (102)_ORIGINAL-FACE.jpg,2D4E1_fem_adu,2D4E1,fem,adu,no
20180808_id30_maladu (2)_ORIGINAL-FACE.jpg,MANDRILLS_CIRMF\30_mal_adu\20180808_id30_maladu (2)_ORIGINAL-FACE.jpg,30_mal_adu,30,mal,adu,no
20180808_id33C_malado (5)_ORIGINAL-FACE.jpg,MANDRILLS_CIRMF\33C_mal_ado\20180808_id33C_malado (5)_ORIGINAL-FACE.jpg,33C_mal_ado,33C,mal,ado,no
20180809_id33C_malado (5)_ORIGINAL-FACE.jpg,MANDRILLS_CIRMF\33C_mal_ado\20180809_id33C_malado (5)_ORIGINAL-FACE.jpg,33C_mal_ado,33C,mal,ado,no
20180806_id33_femadu (1)_ORIGINAL-FACE.jpg,MANDRILLS_CIRMF\33_fem_adu\20180806_id33_femadu (1)_ORIGINAL-FACE.jpg,33_fem_adu,33,fem,adu,no
20180809_id45_femadu (1)_ORIGINAL-FACE.jpg,MANDRILLS_CIRMF\45_fem_adu\20180809_id45_femadu (1)_ORIGINAL-FACE.jpg,45_fem_adu,45,fem,adu,yes
20180825_id49_femadu (24)_ORIGINAL-FACE.jpg,MANDRILLS_CIRMF\49_fem_adu\20180825_id49_femadu (24)_ORIGINAL-FACE.jpg,49_fem_adu,49,fem,adu,no
20180808_id52_malado (3)_ORIGINAL-FACE.jpg,MANDRILLS_CIRMF\52_mal_ado\20180808_id52_malado (3)_ORIGINAL-FACE.jpg,52_mal_ado,52,mal,ado,no
20180825_id5i1_maladu (15)_ORIGINAL-FACE.jpg,MANDRILLS_CIRMF\5i1_mal_adu\20180825_id5i1_maladu (15)_ORIGINAL-FACE.jpg,5i1_mal_adu,5i1,mal,adu,no
20180825_id5i3_maladu (7)_ORIGINAL-FACE.jpg,MANDRILLS_CIRMF\5i3_mal_adu\20180825_id5i3_maladu (7)_ORIGINAL-FACE.jpg,5i3_mal_adu,5i3,mal,adu,no
20180825_id5J1_maladu (32)_ORIGINAL-FACE.jpg,MANDRILLS_CIRMF\5J1_mal_adu\20180825_id5J1_maladu (32)_ORIGINAL-FACE.jpg,5J1_mal_adu,5J1,mal,adu,no
20180807_id5N1_maladu (4)_ORIGINAL-FACE.jpg,MANDRILLS_CIRMF\5N1_mal_adu\20180807_id5N1_maladu (4)_ORIGINAL-FACE.jpg,5N1_mal_adu,5N1,mal,adu,no
20180802_id6H1_malsub (2)_ORIGINAL-FACE.jpg,MANDRILLS_CIRMF\6H1_mal_sub\20180802_id6H1_malsub (2)_ORIGINAL-FACE.jpg,6H1_mal_sub,6H1,mal,sub,no
20180825_id6H_femadu (37)_ORIGINAL-FACE.jpg,MANDRILLS_CIRMF\6H_fem_adu\20180825_id6H_femadu (37)_ORIGINAL-FACE.jpg,6H_fem_adu,6H,fem,adu,no
20180825_femelle oeil manquant (2)_ORIGINAL-FACE.jpg,MANDRILLS_CIRMF\fem adu borgne_fem_adu\20180825_femelle oeil manquant (2)_ORIGINAL-FACE.jpg,fem adu borgne_fem_adu,fem adu borgne,fem,adu,no
20180809_CIRMFinconnu2_femadu (1)_ORIGINAL-FACE.jpg,MANDRILLS_CIRMF\fem adu jaune orange D_fem_adu\20180809_CIRMFinconnu2_femadu (1)_ORIGINAL-FACE.jpg,fem adu jaune orange D_fem_adu,fem adu jaune orange D,fem,adu,no
20180809_CIRMFinconnu4_femadu (8)_ORIGINAL-FACE.jpg,MANDRILLS_CIRMF\fem adu sans bague_fem_adu\20180809_CIRMFinconnu4_femadu (8)_ORIGINAL-FACE.jpg,fem adu sans bague_fem_adu,fem adu sans bague,fem,adu,no
20180825_CIRMFinconnu5_malado (6)_ORIGINAL-FACE.jpg,MANDRILLS_CIRMF\male ado bague verte_mal_ado\20180825_CIRMFinconnu5_malado (6)_ORIGINAL-FACE.jpg,male ado bague verte_mal_ado,male ado bague verte,mal,ado,no
20180807_idPO_femadu (2)_ORIGINAL-FACE.jpg,MANDRILLS_CIRMF\PO_fem_adu\20180807_idPO_femadu (2)_ORIGINAL-FACE.jpg,PO_fem_adu,PO,fem,adu,no
20180807_idU2A2_femadu (9)_ORIGINAL-FACE.jpg,MANDRILLS_CIRMF\U2A2_fem_adu\20180807_idU2A2_femadu (9)_ORIGINAL-FACE.jpg,U2A2_fem_adu,U2A2,fem,adu,no
20180808_idU2A2_femadu (11)_ORIGINAL-FACE.jpg,MANDRILLS_CIRMF\U2A2_fem_adu\20180808_idU2A2_femadu (11)_ORIGINAL-FACE.jpg,U2A2_fem_adu,U2A2,fem,adu,no
20180809_idU2A2_femadu (3)_ORIGINAL-FACE.jpg,MANDRILLS_CIRMF\U2A2_fem_adu\20180809_idU2A2_femadu (3)_ORIGINAL-FACE.jpg,U2A2_fem_adu,U2A2,fem,adu,no
20180809_idU2H_malado (1)_ORIGINAL-FACE.jpg,MANDRILLS_CIRMF\U2H_mal_ado\20180809_idU2H_malado (1)_ORIGINAL-FACE.jpg,U2H_mal_ado,U2H,mal,ado,no
20180825_idU2H_malado (1)_ORIGINAL-FACE.jpg,MANDRILLS_CIRMF\U2H_mal_ado\20180825_idU2H_malado (1)_ORIGINAL-FACE.jpg,U2H_mal_ado,U2H,mal,ado,no
Granby Akili_fem_adu (15)_ORIGINAL-FACE.jpg,MANDRILLS_AUTRES\Granby Akili_fem_adu\Granby Akili_fem_adu (15)_ORIGINAL-FACE.jpg,Granby Akili_fem_adu,Granby Akili,fem,adu,no
Granby Bart_mal_adu (11)_ORIGINAL-FACE.jpg,MANDRILLS_AUTRES\Granby Bart_mal_adu\Granby Bart_mal_adu (11)_ORIGINAL-FACE.jpg,Granby Bart_mal_adu,Granby Bart,mal,adu,no
Singapour_fem_adu (23)_ORIGINAL-FACE.jpg,MANDRILLS_AUTRES\Singapour_fem_adu\Singapour_fem_adu (23)_ORIGINAL-FACE.jpg,Singapour_fem_adu,Singapour_m,fem,adu,no
Singapour_mal_adu (14)_ORIGINAL-FACE.jpg,MANDRILLS_AUTRES\Singapour_mal_adu\Singapour_mal_adu (14)_ORIGINAL-FACE.jpg,Singapour_mal_adu,Singapour_f,mal,adu,no
videonet3_mal_adu (3)_ORIGINAL-FACE.jpg,MANDRILLS_AUTRES\videonet3_mal_adu\videonet3_mal_adu (3)_ORIGINAL-FACE.jpg,videonet3_mal_adu,videonet3,mal,adu,no
videonet4_mal_adu (11)_ORIGINAL-FACE.jpg,MANDRILLS_AUTRES\videonet4_mal_adu\videonet4_mal_adu (11)_ORIGINAL-FACE.jpg,videonet4_mal_adu,videonet4,mal,adu,no
Granby Akili_fem_adu (15)_ORIGINAL-FACE.jpg,MANDRILLS_AUTRES\Granby Akili_fem_adu\Granby Akili_fem_adu (15)_ORIGINAL-FACE.jpg,Granby Akili_fem_adu,Granby Akili,fem,adu,no
Granby Bart_mal_adu (11)_ORIGINAL-FACE.jpg,MANDRILLS_AUTRES\Granby Bart_mal_adu\Granby Bart_mal_adu (11)_ORIGINAL-FACE.jpg,Granby Bart_mal_adu,Granby Bart,mal,adu,no
Singapour_fem_adu (23)_ORIGINAL-FACE.jpg,MANDRILLS_AUTRES\Singapour_fem_adu\Singapour_fem_adu (23)_ORIGINAL-FACE.jpg,Singapour_fem_adu,Singapour_m,fem,adu,no
Singapour_mal_adu (14)_ORIGINAL-FACE.jpg,MANDRILLS_AUTRES\Singapour_mal_adu\Singapour_mal_adu (14)_ORIGINAL-FACE.jpg,Singapour_mal_adu,Singapour_f,mal,adu,no
videonet3_mal_adu (3)_ORIGINAL-FACE.jpg,MANDRILLS_AUTRES\videonet3_mal_adu\videonet3_mal_adu (3)_ORIGINAL-FACE.jpg,videonet3_mal_adu,videonet3,mal,adu,no
videonet4_mal_adu (11)_ORIGINAL-FACE.jpg,MANDRILLS_AUTRES\videonet4_mal_adu\videonet4_mal_adu (11)_ORIGINAL-FACE.jpg,videonet4_mal_adu,videonet4,mal,adu,no
